2024-11-16 10:35:43,640 [lib.cuckoo.core.machinery_manager] INFO: Task #1: found useable machine win10-main-analysis-vm (arch=x64, platform=windows)
2024-11-16 10:35:43,641 [lib.cuckoo.core.scheduler] INFO: Task #1: Processing task
2024-11-16 10:35:43,753 [lib.cuckoo.core.analysis_manager] INFO: Task #1: Starting analysis of FILE '/tmp/cuckoo-tmp/upload_x4uj67ge/wmi-mal.exe'
2024-11-16 10:35:43,756 [lib.cuckoo.common.abstracts] DEBUG: Starting machine win10-main-analysis-vm
2024-11-16 10:35:43,765 [lib.cuckoo.common.abstracts] DEBUG: Getting status for win10-main-analysis-vm
2024-11-16 10:35:43,773 [lib.cuckoo.core.analysis_manager] ERROR: Task #1: Trying to start a virtual machine that has not been turned off win10-main-analysis-vm
Traceback (most recent call last):
  File "/opt/CAPEv2/lib/cuckoo/core/analysis_manager.py", line 298, in machine_running
    self.machinery_manager.start_machine(self.machine)
  File "/opt/CAPEv2/lib/cuckoo/core/machinery_manager.py", line 305, in start_machine
    self.machinery.start(machine.label)
  File "/opt/CAPEv2/modules/machinery/kvm.py", line 37, in start
    super(KVM, self).start(label)
  File "/opt/CAPEv2/lib/cuckoo/common/abstracts.py", line 417, in start
    raise CuckooMachineError(msg)
lib.cuckoo.common.exceptions.CuckooMachineError: Trying to start a virtual machine that has not been turned off win10-main-analysis-vm
2024-11-16 10:35:43,822 [lib.cuckoo.core.analysis_manager] ERROR: Task #1: failure in AnalysisManager.run
Traceback (most recent call last):
  File "/opt/CAPEv2/lib/cuckoo/core/analysis_manager.py", line 298, in machine_running
    self.machinery_manager.start_machine(self.machine)
  File "/opt/CAPEv2/lib/cuckoo/core/machinery_manager.py", line 305, in start_machine
    self.machinery.start(machine.label)
  File "/opt/CAPEv2/modules/machinery/kvm.py", line 37, in start
    super(KVM, self).start(label)
  File "/opt/CAPEv2/lib/cuckoo/common/abstracts.py", line 417, in start
    raise CuckooMachineError(msg)
lib.cuckoo.common.exceptions.CuckooMachineError: Trying to start a virtual machine that has not been turned off win10-main-analysis-vm

The above exception was the direct cause of the following exception:

Traceback (most recent call last):
  File "/opt/CAPEv2/lib/cuckoo/core/analysis_manager.py", line 497, in run
    self.launch_analysis()
  File "/opt/CAPEv2/lib/cuckoo/core/analysis_manager.py", line 459, in launch_analysis
    success = self.perform_analysis()
  File "/opt/CAPEv2/lib/cuckoo/core/analysis_manager.py", line 443, in perform_analysis
    with self.machine_running(), self.result_server(), self.network_routing(), self.run_auxiliary():
  File "/usr/lib/python3.10/contextlib.py", line 135, in __enter__
    return next(self.gen)
  File "/opt/CAPEv2/lib/cuckoo/core/analysis_manager.py", line 322, in machine_running
    raise CuckooDeadMachine(self.machine.name) from e
lib.cuckoo.core.analysis_manager.CuckooDeadMachine: win10-main-analysis-vm is dead!
2024-11-16 10:35:44,741 [lib.cuckoo.core.scheduler] INFO: Task #1: Failing unserviceable task
2024-11-16 10:37:02,824 [root] INFO: Received keyboard interrupt, stopping.
2024-11-16 10:37:07,110 [root] DEBUG: Importing modules...
2024-11-16 10:37:07,113 [modules.auxiliary.QemuScreenshots] DEBUG: Importing 'PIL.ImageChops.difference'
2024-11-16 10:37:07,114 [modules.auxiliary.QemuScreenshots] DEBUG: Importing 'PIL.ImageDraw'
2024-11-16 10:37:07,115 [modules.auxiliary.QemuScreenshots] DEBUG: Importing 'PIL.Image'
2024-11-16 10:37:08,296 [capa.rules] DEBUG: reading rules from directory /opt/CAPEv2/data/capa-rules
2024-11-16 10:37:08,339 [capa.rules.cache] DEBUG: rule set cache does not exist: /home/cape/.cache/capa/capa-7fe692ed.cache
2024-11-16 10:37:08,339 [capa.rules] DEBUG: using libyaml CLoader.
2024-11-16 10:37:08,344 [capa.rules] DEBUG: loaded rule: 'reference analysis tools strings' with scope: static-scope: file, dynamic-scope: file
2024-11-16 10:37:08,345 [capa.rules] DEBUG: loaded rule: 'check for Windows sandbox via process name' with scope: static-scope: function, dynamic-scope: thread
2024-11-16 10:37:08,350 [capa.rules] DEBUG: loaded rule: 'reference anti-VM strings targeting VMWare' with scope: static-scope: file, dynamic-scope: file
2024-11-16 10:37:08,351 [capa.rules] DEBUG: loaded rule: 'check for microsoft office emulation' with scope: static-scope: function, dynamic-scope: thread
2024-11-16 10:37:08,351 [capa.rules] DEBUG: loaded rule: 'reference anti-VM strings targeting Qemu' with scope: static-scope: file, dynamic-scope: file
2024-11-16 10:37:08,352 [capa.rules] DEBUG: loaded rule: 'reference anti-VM strings targeting Xen' with scope: static-scope: file, dynamic-scope: file
2024-11-16 10:37:08,353 [capa.rules] DEBUG: loaded rule: 'detect VM via disk hardware WMI queries' with scope: static-scope: function, dynamic-scope: thread
2024-11-16 10:37:08,353 [capa.rules] DEBUG: loaded rule: 'detect VM via motherboard hardware WMI queries' with scope: static-scope: function, dynamic-scope: thread
2024-11-16 10:37:08,354 [capa.rules] DEBUG: loaded rule: 'check for Windows sandbox via dns suffix' with scope: static-scope: function
2024-11-16 10:37:08,355 [capa.rules] DEBUG: loaded rule: 'check for Windows sandbox via registry' with scope: static-scope: function, dynamic-scope: thread
2024-11-16 10:37:08,356 [capa.rules] DEBUG: loaded rule: 'reference anti-VM strings targeting VirtualPC' with scope: static-scope: file, dynamic-scope: file
2024-11-16 10:37:08,357 [capa.rules] DEBUG: loaded rule: 'check for Windows sandbox via genuine state' with scope: static-scope: function, dynamic-scope: thread
2024-11-16 10:37:08,357 [capa.rules] DEBUG: loaded rule: 'check for foreground window switch' with scope: static-scope: function
2024-11-16 10:37:08,364 [capa.rules] DEBUG: loaded rule: 'reference anti-VM strings targeting VirtualBox' with scope: static-scope: file, dynamic-scope: file
2024-11-16 10:37:08,365 [capa.rules] DEBUG: loaded rule: 'reference anti-VM strings targeting Parallels' with scope: static-scope: file, dynamic-scope: file
2024-11-16 10:37:08,369 [capa.rules] DEBUG: loaded rule: 'reference anti-VM strings' with scope: static-scope: file, dynamic-scope: file
2024-11-16 10:37:08,374 [capa.rules] DEBUG: loaded rule: 'check for sandbox username or hostname' with scope: static-scope: function, dynamic-scope: thread
2024-11-16 10:37:08,374 [capa.rules] DEBUG: loaded rule: 'check for unmoving mouse cursor' with scope: static-scope: function
2024-11-16 10:37:08,375 [capa.rules] DEBUG: loaded rule: 'check for Windows sandbox via device' with scope: static-scope: basic block, dynamic-scope: thread
2024-11-16 10:37:08,375 [capa.rules] DEBUG: loaded rule: 'packed with generic packer' with scope: static-scope: function
2024-11-16 10:37:08,376 [capa.rules] DEBUG: loaded rule: 'packed with Confuser' with scope: static-scope: file
2024-11-16 10:37:08,376 [capa.rules] DEBUG: loaded rule: 'packed with pelocknt' with scope: static-scope: file, dynamic-scope: file
2024-11-16 10:37:08,377 [capa.rules] DEBUG: loaded rule: 'packed with upack' with scope: static-scope: file, dynamic-scope: file
2024-11-16 10:37:08,377 [capa.rules] DEBUG: loaded rule: 'packed with y0da crypter' with scope: static-scope: file, dynamic-scope: file
2024-11-16 10:37:08,378 [capa.rules] DEBUG: loaded rule: 'packed with pebundle' with scope: static-scope: file, dynamic-scope: file
2024-11-16 10:37:08,378 [capa.rules] DEBUG: loaded rule: 'packed with amber' with scope: static-scope: file, dynamic-scope: file
2024-11-16 10:37:08,379 [capa.rules] DEBUG: loaded rule: 'packed with nspack' with scope: static-scope: file, dynamic-scope: file
2024-11-16 10:37:08,379 [capa.rules] DEBUG: loaded rule: 'packed with kkrunchy' with scope: static-scope: file, dynamic-scope: file
2024-11-16 10:37:08,380 [capa.rules] DEBUG: loaded rule: 'packed with petite' with scope: static-scope: file, dynamic-scope: file
2024-11-16 10:37:08,380 [capa.rules] DEBUG: loaded rule: 'packed with VMProtect' with scope: static-scope: file, dynamic-scope: file
2024-11-16 10:37:08,381 [capa.rules] DEBUG: loaded rule: 'packed with UPX' with scope: static-scope: file, dynamic-scope: file
2024-11-16 10:37:08,382 [capa.rules] DEBUG: loaded rule: 'packed with PECompact' with scope: static-scope: file, dynamic-scope: file
2024-11-16 10:37:08,382 [capa.rules] DEBUG: loaded rule: 'packed with rlpack' with scope: static-scope: file, dynamic-scope: file
2024-11-16 10:37:08,383 [capa.rules] DEBUG: loaded rule: 'packed with nmm-protect' with scope: static-scope: file, dynamic-scope: file
2024-11-16 10:37:08,383 [capa.rules] DEBUG: loaded rule: 'packed with GoPacker' with scope: static-scope: file, dynamic-scope: file
2024-11-16 10:37:08,384 [capa.rules] DEBUG: loaded rule: 'packed with Themida' with scope: static-scope: file, dynamic-scope: file
2024-11-16 10:37:08,385 [capa.rules] DEBUG: loaded rule: 'packed with PESpin' with scope: static-scope: file, dynamic-scope: file
2024-11-16 10:37:08,385 [capa.rules] DEBUG: loaded rule: 'packed with peshield' with scope: static-scope: file, dynamic-scope: file
2024-11-16 10:37:08,386 [capa.rules] DEBUG: loaded rule: 'packed with Huan' with scope: static-scope: file, dynamic-scope: file
2024-11-16 10:37:08,386 [capa.rules] DEBUG: loaded rule: 'packed with ASPack' with scope: static-scope: file, dynamic-scope: file
2024-11-16 10:37:08,389 [capa.rules] DEBUG: loaded rule: 'check for sandbox and av modules' with scope: static-scope: basic block, dynamic-scope: thread
2024-11-16 10:37:08,389 [capa.rules] DEBUG: loaded rule: 'block operations on executable memory pages using Arbitrary Code Guard' with scope: static-scope: basic block, dynamic-scope: call
2024-11-16 10:37:08,390 [capa.rules] DEBUG: loaded rule: 'protect spawned processes with mitigation policies' with scope: static-scope: basic block, dynamic-scope: call
2024-11-16 10:37:08,391 [capa.rules] DEBUG: loaded rule: 'patch Antimalware Scan Interface function' with scope: static-scope: function, dynamic-scope: thread
2024-11-16 10:37:08,391 [capa.rules] DEBUG: loaded rule: 'overwrite DLL .text section to remove hooks' with scope: static-scope: function, dynamic-scope: thread
2024-11-16 10:37:08,392 [capa.rules] DEBUG: loaded rule: 'patch Event Tracing for Windows function' with scope: static-scope: function, dynamic-scope: thread
2024-11-16 10:37:08,393 [capa.rules] DEBUG: loaded rule: 'check if process is running under wine' with scope: static-scope: function, dynamic-scope: thread
2024-11-16 10:37:08,393 [capa.rules] DEBUG: loaded rule: 'spoof parent PID' with scope: static-scope: basic block, dynamic-scope: call
2024-11-16 10:37:08,394 [capa.rules] DEBUG: loaded rule: 'impersonate file version information' with scope: static-scope: function, dynamic-scope: thread
2024-11-16 10:37:08,395 [capa.rules] DEBUG: loaded rule: 'crash the Windows event logging service' with scope: static-scope: basic block, dynamic-scope: thread
2024-11-16 10:37:08,396 [capa.rules] DEBUG: loaded rule: 'patch process command line' with scope: static-scope: function
2024-11-16 10:37:08,397 [capa.rules] DEBUG: loaded rule: 'clear Windows event logs' with scope: static-scope: function, dynamic-scope: thread
2024-11-16 10:37:08,398 [capa.rules] DEBUG: loaded rule: 'self delete' with scope: static-scope: function, dynamic-scope: thread
2024-11-16 10:37:08,399 [capa.rules] DEBUG: loaded rule: 'self delete using alternate data streams' with scope: static-scope: function, dynamic-scope: thread
2024-11-16 10:37:08,400 [capa.rules] DEBUG: loaded rule: 'timestomp file' with scope: static-scope: function, dynamic-scope: thread
2024-11-16 10:37:08,400 [capa.rules] DEBUG: loaded rule: 'obfuscated with SmartAssembly' with scope: static-scope: file, dynamic-scope: file
2024-11-16 10:37:08,401 [capa.rules] DEBUG: loaded rule: 'obfuscated with ADVobfuscator' with scope: static-scope: file, dynamic-scope: file
2024-11-16 10:37:08,401 [capa.rules] DEBUG: loaded rule: 'obfuscated with Dotfuscator' with scope: static-scope: file, dynamic-scope: file
2024-11-16 10:37:08,402 [capa.rules] DEBUG: loaded rule: 'obfuscated with Yano' with scope: static-scope: file, dynamic-scope: file
2024-11-16 10:37:08,402 [capa.rules] DEBUG: loaded rule: 'obfuscated with Babel Obfuscator' with scope: static-scope: file, dynamic-scope: file
2024-11-16 10:37:08,403 [capa.rules] DEBUG: loaded rule: 'obfuscated with callobfuscator' with scope: static-scope: file, dynamic-scope: file
2024-11-16 10:37:08,403 [capa.rules] DEBUG: loaded rule: 'obfuscated with Spices.Net Obfuscator' with scope: static-scope: file, dynamic-scope: file
2024-11-16 10:37:08,404 [capa.rules] DEBUG: loaded rule: 'obfuscated with DeepSea Obfuscator' with scope: static-scope: file, dynamic-scope: file
2024-11-16 10:37:08,405 [capa.rules] DEBUG: loaded rule: 'obfuscated with vs-obfuscation' with scope: static-scope: file, dynamic-scope: file
2024-11-16 10:37:08,405 [capa.rules] DEBUG: loaded rule: 'contain obfuscated stackstrings' with scope: static-scope: basic block
2024-11-16 10:37:08,406 [capa.rules] DEBUG: loaded rule: 'check for PEB NtGlobalFlag flag' with scope: static-scope: function
2024-11-16 10:37:08,407 [capa.rules] DEBUG: loaded rule: 'check for time delay via QueryPerformanceCounter' with scope: static-scope: function, dynamic-scope: thread
2024-11-16 10:37:08,407 [capa.rules] DEBUG: loaded rule: 'check ProcessDebugPort' with scope: static-scope: basic block, dynamic-scope: call
2024-11-16 10:37:08,408 [capa.rules] DEBUG: loaded rule: 'check for software breakpoints' with scope: static-scope: function
2024-11-16 10:37:08,408 [capa.rules] DEBUG: loaded rule: 'check for OutputDebugString error' with scope: static-scope: basic block, dynamic-scope: thread
2024-11-16 10:37:08,409 [capa.rules] DEBUG: loaded rule: 'check for hardware breakpoints' with scope: static-scope: function
2024-11-16 10:37:08,410 [capa.rules] DEBUG: loaded rule: 'check for time delay via GetTickCount' with scope: static-scope: function
2024-11-16 10:37:08,410 [capa.rules] DEBUG: loaded rule: 'check for protected handle exception' with scope: static-scope: function, dynamic-scope: thread
2024-11-16 10:37:08,411 [capa.rules] DEBUG: loaded rule: 'check for trap flag exception' with scope: static-scope: basic block
2024-11-16 10:37:08,412 [capa.rules] DEBUG: loaded rule: 'check for unexpected memory writes' with scope: static-scope: basic block, dynamic-scope: call
2024-11-16 10:37:08,413 [capa.rules] DEBUG: loaded rule: 'check process job object' with scope: static-scope: function, dynamic-scope: thread
2024-11-16 10:37:08,413 [capa.rules] DEBUG: loaded rule: 'execute anti-debugging instructions' with scope: static-scope: function
2024-11-16 10:37:08,414 [capa.rules] DEBUG: loaded rule: 'check for debugger via API' with scope: static-scope: function, dynamic-scope: call
2024-11-16 10:37:08,415 [capa.rules] DEBUG: loaded rule: 'check for kernel debugger via shared user data structure' with scope: static-scope: function
2024-11-16 10:37:08,415 [capa.rules] DEBUG: loaded rule: 'check for PEB BeingDebugged flag' with scope: static-scope: basic block
2024-11-16 10:37:08,416 [capa.rules] DEBUG: loaded rule: 'hide thread from debugger' with scope: static-scope: function, dynamic-scope: thread
2024-11-16 10:37:08,417 [capa.rules] DEBUG: loaded rule: '64-bit execution via heavens gate' with scope: static-scope: function
2024-11-16 10:37:08,418 [capa.rules] DEBUG: loaded rule: 'contain anti-disasm techniques' with scope: static-scope: file, dynamic-scope: file
2024-11-16 10:37:08,419 [capa.rules] DEBUG: loaded rule: 'create or open registry key' with scope: static-scope: basic block, dynamic-scope: call
2024-11-16 10:37:08,421 [capa.rules] DEBUG: loaded rule: 'validate payment card number using luhn algorithm with no lookup table' with scope: static-scope: function
2024-11-16 10:37:08,421 [capa.rules] DEBUG: loaded rule: 'contain loop' with scope: static-scope: function
2024-11-16 10:37:08,422 [capa.rules] DEBUG: loaded rule: 'get OS version' with scope: static-scope: function, dynamic-scope: call
2024-11-16 10:37:08,423 [capa.rules] DEBUG: loaded rule: 'delay execution' with scope: static-scope: basic block, dynamic-scope: call
2024-11-16 10:37:08,425 [capa.rules] DEBUG: loaded rule: 'PEB access' with scope: static-scope: basic block
2024-11-16 10:37:08,425 [capa.rules] DEBUG: loaded rule: 'contain pusha popa sequence' with scope: static-scope: function
2024-11-16 10:37:08,426 [capa.rules] DEBUG: loaded rule: 'open thread' with scope: static-scope: basic block, dynamic-scope: call
2024-11-16 10:37:08,426 [capa.rules] DEBUG: loaded rule: 'change memory protection' with scope: static-scope: basic block, dynamic-scope: call
2024-11-16 10:37:08,427 [capa.rules] DEBUG: loaded rule: 'create or open file' with scope: static-scope: basic block, dynamic-scope: call
2024-11-16 10:37:08,428 [capa.rules] DEBUG: loaded rule: 'allocate or change RW memory' with scope: static-scope: basic block, dynamic-scope: call
2024-11-16 10:37:08,429 [capa.rules] DEBUG: loaded rule: 'calculate modulo 256 via x86 assembly' with scope: static-scope: instruction
2024-11-16 10:37:08,429 [capa.rules] DEBUG: loaded rule: 'get service handle' with scope: static-scope: function, dynamic-scope: call
2024-11-16 10:37:08,430 [capa.rules] DEBUG: loaded rule: 'allocate memory' with scope: static-scope: basic block, dynamic-scope: call
2024-11-16 10:37:08,430 [capa.rules] DEBUG: loaded rule: 'create File Compression Interface context on Windows' with scope: static-scope: function, dynamic-scope: call
2024-11-16 10:37:08,431 [capa.rules] DEBUG: loaded rule: 'create or open section object' with scope: static-scope: function, dynamic-scope: thread
2024-11-16 10:37:08,431 [capa.rules] DEBUG: loaded rule: 'open process' with scope: static-scope: basic block, dynamic-scope: call
2024-11-16 10:37:08,432 [capa.rules] DEBUG: loaded rule: 'create File Decompression Interface context on Windows' with scope: static-scope: function, dynamic-scope: call
2024-11-16 10:37:08,432 [capa.rules] DEBUG: loaded rule: 'write process memory' with scope: static-scope: function, dynamic-scope: call
2024-11-16 10:37:08,433 [capa.rules] DEBUG: loaded rule: 'duplicate stdin and stdout' with scope: static-scope: basic block, dynamic-scope: call
2024-11-16 10:37:08,435 [capa.rules] DEBUG: loaded rule: 'validate payment card number using luhn algorithm with lookup table' with scope: static-scope: function
2024-11-16 10:37:08,438 [capa.rules] DEBUG: loaded rule: 'match known PlugX module' with scope: static-scope: function, dynamic-scope: thread
2024-11-16 10:37:08,438 [capa.rules] DEBUG: loaded rule: 'act as Share Provider DLL' with scope: static-scope: file, dynamic-scope: file
2024-11-16 10:37:08,439 [capa.rules] DEBUG: loaded rule: 'act as DHCP server callout DLL' with scope: static-scope: file, dynamic-scope: file
2024-11-16 10:37:08,439 [capa.rules] DEBUG: loaded rule: 'act as Time Provider DLL' with scope: static-scope: file, dynamic-scope: file
2024-11-16 10:37:08,440 [capa.rules] DEBUG: loaded rule: 'persist via shell profile or rc file' with scope: static-scope: function, dynamic-scope: thread
2024-11-16 10:37:08,441 [capa.rules] DEBUG: loaded rule: 'act as DNS server plugin DLL' with scope: static-scope: file, dynamic-scope: file
2024-11-16 10:37:08,441 [capa.rules] DEBUG: loaded rule: 'act as WinDbg extension' with scope: static-scope: file, dynamic-scope: file
2024-11-16 10:37:08,442 [capa.rules] DEBUG: loaded rule: 'create shortcut via IShellLink' with scope: static-scope: function
2024-11-16 10:37:08,443 [capa.rules] DEBUG: loaded rule: 'persist via .desktop autostart' with scope: static-scope: function, dynamic-scope: thread
2024-11-16 10:37:08,444 [capa.rules] DEBUG: loaded rule: 'act as password filter DLL' with scope: static-scope: file, dynamic-scope: file
2024-11-16 10:37:08,444 [capa.rules] DEBUG: loaded rule: 'act as SubAuthentication Package DLL' with scope: static-scope: file, dynamic-scope: file
2024-11-16 10:37:08,445 [capa.rules] DEBUG: loaded rule: 'act as Security Support Provider DLL' with scope: static-scope: file, dynamic-scope: file
2024-11-16 10:37:08,445 [capa.rules] DEBUG: loaded rule: 'act as credential manager DLL' with scope: static-scope: file, dynamic-scope: file
2024-11-16 10:37:08,447 [capa.rules] DEBUG: loaded rule: 'act as Exchange transport agent' with scope: static-scope: function, dynamic-scope: thread
2024-11-16 10:37:08,447 [capa.rules] DEBUG: loaded rule: 'persist via rc script' with scope: static-scope: function, dynamic-scope: thread
2024-11-16 10:37:08,449 [capa.rules] DEBUG: loaded rule: 'persist via Windows service' with scope: static-scope: function, dynamic-scope: thread
2024-11-16 10:37:08,450 [capa.rules] DEBUG: loaded rule: 'persist via Active Setup registry key' with scope: static-scope: function, dynamic-scope: thread
2024-11-16 10:37:08,452 [capa.rules] DEBUG: loaded rule: 'persist via Run registry key' with scope: static-scope: function, dynamic-scope: thread
2024-11-16 10:37:08,452 [capa.rules] DEBUG: loaded rule: 'persist via GinaDLL registry key' with scope: static-scope: function, dynamic-scope: thread
2024-11-16 10:37:08,454 [capa.rules] DEBUG: loaded rule: 'persist via AppInit_DLLs registry key' with scope: static-scope: function, dynamic-scope: thread
2024-11-16 10:37:08,454 [capa.rules] DEBUG: loaded rule: 'disable AppInit_DLLs code signature enforcement' with scope: static-scope: function, dynamic-scope: thread
2024-11-16 10:37:08,456 [capa.rules] DEBUG: loaded rule: 'persist via Winlogon Helper DLL registry key' with scope: static-scope: function, dynamic-scope: thread
2024-11-16 10:37:08,456 [capa.rules] DEBUG: loaded rule: 'persist via IIS module' with scope: static-scope: file, dynamic-scope: file
2024-11-16 10:37:08,457 [capa.rules] DEBUG: loaded rule: 'persist via ISAPI extension' with scope: static-scope: file, dynamic-scope: file
2024-11-16 10:37:08,458 [capa.rules] DEBUG: loaded rule: 'schedule task via at' with scope: static-scope: function, dynamic-scope: thread
2024-11-16 10:37:08,459 [capa.rules] DEBUG: loaded rule: 'schedule task via schtasks' with scope: static-scope: function, dynamic-scope: thread
2024-11-16 10:37:08,459 [capa.rules] DEBUG: loaded rule: 'schedule task via ITaskScheduler' with scope: static-scope: function
2024-11-16 10:37:08,460 [capa.rules] DEBUG: loaded rule: 'act as Excel XLL add-in' with scope: static-scope: file, dynamic-scope: file
2024-11-16 10:37:08,461 [capa.rules] DEBUG: loaded rule: 'act as Office COM add-in' with scope: static-scope: file
2024-11-16 10:37:08,461 [capa.rules] DEBUG: loaded rule: 'act as Word WLL add-in' with scope: static-scope: file, dynamic-scope: file
2024-11-16 10:37:08,462 [capa.rules] DEBUG: loaded rule: 'write file to startup folder' with scope: static-scope: function, dynamic-scope: thread
2024-11-16 10:37:08,463 [capa.rules] DEBUG: loaded rule: 'get startup folder' with scope: static-scope: basic block, dynamic-scope: call
2024-11-16 10:37:08,463 [capa.rules] DEBUG: loaded rule: '(internal) .NET single file deployment limitation' with scope: static-scope: file, dynamic-scope: file
2024-11-16 10:37:08,463 [capa.rules] DEBUG: loaded rule: '(internal) packer file limitation' with scope: static-scope: file, dynamic-scope: file
2024-11-16 10:37:08,464 [capa.rules] DEBUG: loaded rule: '(internal) autohotkey file limitation' with scope: static-scope: file, dynamic-scope: file
2024-11-16 10:37:08,464 [capa.rules] DEBUG: loaded rule: '(internal) installer file limitation' with scope: static-scope: file, dynamic-scope: file
2024-11-16 10:37:08,465 [capa.rules] DEBUG: loaded rule: '(internal) Visual Basic file limitation' with scope: static-scope: file, dynamic-scope: file
2024-11-16 10:37:08,465 [capa.rules] DEBUG: loaded rule: '(internal) autoit file limitation' with scope: static-scope: file, dynamic-scope: file
2024-11-16 10:37:08,466 [capa.rules] DEBUG: loaded rule: 'packed with StarForce' with scope: static-scope: file, dynamic-scope: file
2024-11-16 10:37:08,467 [capa.rules] DEBUG: loaded rule: 'decode data using Base64 via VBMI lookup table' with scope: static-scope: function
2024-11-16 10:37:08,468 [capa.rules] DEBUG: loaded rule: 'disable automatic Windows recovery features' with scope: static-scope: basic block, dynamic-scope: call
2024-11-16 10:37:08,468 [capa.rules] DEBUG: loaded rule: 'find process by name' with scope: static-scope: function, dynamic-scope: call
2024-11-16 10:37:08,469 [capa.rules] DEBUG: loaded rule: 'deserialize JSON in .NET' with scope: static-scope: function, dynamic-scope: call
2024-11-16 10:37:08,469 [capa.rules] DEBUG: loaded rule: 'get OS information via KUSER_SHARED_DATA' with scope: static-scope: function, dynamic-scope: thread
2024-11-16 10:37:08,470 [capa.rules] DEBUG: loaded rule: 'hash data using SHA512Managed in .NET' with scope: static-scope: function, dynamic-scope: thread
2024-11-16 10:37:08,470 [capa.rules] DEBUG: loaded rule: 'set shadow password file entry on Linux' with scope: static-scope: instruction, dynamic-scope: call
2024-11-16 10:37:08,471 [capa.rules] DEBUG: loaded rule: 'packed with SeauSFX' with scope: static-scope: file, dynamic-scope: file
2024-11-16 10:37:08,472 [capa.rules] DEBUG: loaded rule: 'extract zip archive in .NET' with scope: static-scope: basic block
2024-11-16 10:37:08,472 [capa.rules] DEBUG: loaded rule: 'get remote cert context via SChannel' with scope: static-scope: basic block, dynamic-scope: call
2024-11-16 10:37:08,473 [capa.rules] DEBUG: loaded rule: 'reference kornet DNS server' with scope: static-scope: function, dynamic-scope: thread
2024-11-16 10:37:08,473 [capa.rules] DEBUG: loaded rule: 'packed with RPCrypt' with scope: static-scope: file, dynamic-scope: file
2024-11-16 10:37:08,474 [capa.rules] DEBUG: loaded rule: 'register HTTP server URL' with scope: static-scope: basic block, dynamic-scope: call
2024-11-16 10:37:08,474 [capa.rules] DEBUG: loaded rule: 'decode data using URL encoding' with scope: static-scope: function, dynamic-scope: call
2024-11-16 10:37:08,475 [capa.rules] DEBUG: loaded rule: 'generate random numbers in .NET' with scope: static-scope: function, dynamic-scope: call
2024-11-16 10:37:08,475 [capa.rules] DEBUG: loaded rule: 'move directory' with scope: static-scope: function, dynamic-scope: call
2024-11-16 10:37:08,476 [capa.rules] DEBUG: loaded rule: 'bypass hidden API restrictions via JNI on Android' with scope: static-scope: function, dynamic-scope: thread
2024-11-16 10:37:08,477 [capa.rules] DEBUG: loaded rule: 'packed with Epack' with scope: static-scope: file, dynamic-scope: file
2024-11-16 10:37:08,477 [capa.rules] DEBUG: loaded rule: 'capture screenshot in .NET on Android' with scope: static-scope: function
2024-11-16 10:37:08,477 [capa.rules] DEBUG: loaded rule: 'linked against Go WMI library' with scope: static-scope: file, dynamic-scope: file
2024-11-16 10:37:08,478 [capa.rules] DEBUG: loaded rule: 'encrypt data using OpenSSL DSA' with scope: static-scope: function
2024-11-16 10:37:08,479 [capa.rules] DEBUG: loaded rule: 'read process memory' with scope: static-scope: function, dynamic-scope: thread
2024-11-16 10:37:08,479 [capa.rules] DEBUG: loaded rule: 'power down monitor' with scope: static-scope: basic block, dynamic-scope: call
2024-11-16 10:37:08,480 [capa.rules] DEBUG: loaded rule: 'linked against hp-socket' with scope: static-scope: file, dynamic-scope: file
2024-11-16 10:37:08,481 [capa.rules] DEBUG: loaded rule: 'manipulate network credentials in .NET' with scope: static-scope: function, dynamic-scope: call
2024-11-16 10:37:08,481 [capa.rules] DEBUG: loaded rule: 'list drag and drop files' with scope: static-scope: function, dynamic-scope: thread
2024-11-16 10:37:08,483 [capa.rules] DEBUG: loaded rule: 'encrypt data using AES' with scope: static-scope: function
2024-11-16 10:37:08,484 [capa.rules] DEBUG: loaded rule: 'get current process filesystem mounts on Linux' with scope: static-scope: basic block, dynamic-scope: call
2024-11-16 10:37:08,484 [capa.rules] DEBUG: loaded rule: 'linked against Go registry library' with scope: static-scope: file, dynamic-scope: file
2024-11-16 10:37:08,485 [capa.rules] DEBUG: loaded rule: 'execute SQLite statement in .NET' with scope: static-scope: function, dynamic-scope: thread
2024-11-16 10:37:08,485 [capa.rules] DEBUG: loaded rule: 'linked against libsodium' with scope: static-scope: file, dynamic-scope: file
2024-11-16 10:37:08,486 [capa.rules] DEBUG: loaded rule: 'hash data using jshash' with scope: static-scope: function
2024-11-16 10:37:08,487 [capa.rules] DEBUG: loaded rule: 'get system property on Android' with scope: static-scope: basic block, dynamic-scope: call
2024-11-16 10:37:08,487 [capa.rules] DEBUG: loaded rule: 'set current directory' with scope: static-scope: function, dynamic-scope: call
2024-11-16 10:37:08,488 [capa.rules] DEBUG: loaded rule: 'save image in .NET' with scope: static-scope: function
2024-11-16 10:37:08,488 [capa.rules] DEBUG: loaded rule: 'monitor local IPv4 address changes' with scope: static-scope: basic block, dynamic-scope: call
2024-11-16 10:37:08,489 [capa.rules] DEBUG: loaded rule: 'capture screenshot in Go' with scope: static-scope: file, dynamic-scope: file
2024-11-16 10:37:08,489 [capa.rules] DEBUG: loaded rule: 'destroy software breakpoint capability' with scope: static-scope: function, dynamic-scope: thread
2024-11-16 10:37:08,490 [capa.rules] DEBUG: loaded rule: 'list user account groups' with scope: static-scope: basic block, dynamic-scope: call
2024-11-16 10:37:08,491 [capa.rules] DEBUG: loaded rule: 'encrypt data using FAKEM cipher' with scope: static-scope: basic block
2024-11-16 10:37:08,491 [capa.rules] DEBUG: loaded rule: 'serialize JSON in .NET' with scope: static-scope: function, dynamic-scope: call
2024-11-16 10:37:08,492 [capa.rules] DEBUG: loaded rule: 'get ntoskrnl base address' with scope: static-scope: function
2024-11-16 10:37:08,492 [capa.rules] DEBUG: loaded rule: 'send request in .NET' with scope: static-scope: function, dynamic-scope: thread
2024-11-16 10:37:08,493 [capa.rules] DEBUG: loaded rule: 'get MAC address in .NET' with scope: static-scope: function, dynamic-scope: thread
2024-11-16 10:37:08,493 [capa.rules] DEBUG: loaded rule: 'debug build' with scope: static-scope: file, dynamic-scope: file
2024-11-16 10:37:08,494 [capa.rules] DEBUG: loaded rule: 'covertly decode and write data to Windows directory using indirect calls' with scope: static-scope: function
2024-11-16 10:37:08,495 [capa.rules] DEBUG: loaded rule: 'impersonate user' with scope: static-scope: function, dynamic-scope: thread
2024-11-16 10:37:08,495 [capa.rules] DEBUG: loaded rule: 'decrypt data using RSA' with scope: static-scope: function, dynamic-scope: call
2024-11-16 10:37:08,496 [capa.rules] DEBUG: loaded rule: 'packaged as a Pintool' with scope: static-scope: file, dynamic-scope: file
2024-11-16 10:37:08,496 [capa.rules] DEBUG: loaded rule: 'reference Google Public DNS server' with scope: static-scope: function, dynamic-scope: thread
2024-11-16 10:37:08,497 [capa.rules] DEBUG: loaded rule: 'terminate process by name in .NET' with scope: static-scope: function, dynamic-scope: thread
2024-11-16 10:37:08,497 [capa.rules] DEBUG: loaded rule: 'log keystrokes via Input Method Manager' with scope: static-scope: function, dynamic-scope: thread
2024-11-16 10:37:08,498 [capa.rules] DEBUG: loaded rule: 'set web proxy in .NET' with scope: static-scope: function
2024-11-16 10:37:08,499 [capa.rules] DEBUG: loaded rule: 'linked against Go static asset library' with scope: static-scope: file, dynamic-scope: file
2024-11-16 10:37:08,499 [capa.rules] DEBUG: loaded rule: 'reference processor manufacturer constants' with scope: static-scope: basic block
2024-11-16 10:37:08,500 [capa.rules] DEBUG: loaded rule: 'read and send data from client to server' with scope: static-scope: function, dynamic-scope: thread
2024-11-16 10:37:08,500 [capa.rules] DEBUG: loaded rule: 'reference AliDNS DNS server' with scope: static-scope: function, dynamic-scope: thread
2024-11-16 10:37:08,501 [capa.rules] DEBUG: loaded rule: 'enumerate browser history' with scope: static-scope: function
2024-11-16 10:37:08,502 [capa.rules] DEBUG: loaded rule: 'access unmanaged COM objects in .NET' with scope: static-scope: function
2024-11-16 10:37:08,502 [capa.rules] DEBUG: loaded rule: 'hooked by API Override' with scope: static-scope: file, dynamic-scope: file
2024-11-16 10:37:08,503 [capa.rules] DEBUG: loaded rule: 'hash data using RIPEMD128' with scope: static-scope: file
2024-11-16 10:37:08,504 [capa.rules] DEBUG: loaded rule: 'get disk information via IOCTL' with scope: static-scope: basic block, dynamic-scope: call
2024-11-16 10:37:08,505 [capa.rules] DEBUG: loaded rule: 'initialize hashing via WinCrypt' with scope: static-scope: function, dynamic-scope: thread
2024-11-16 10:37:08,505 [capa.rules] DEBUG: loaded rule: 'get socket information' with scope: static-scope: function, dynamic-scope: call
2024-11-16 10:37:08,506 [capa.rules] DEBUG: loaded rule: 'compile Visual Basic in .NET' with scope: static-scope: function, dynamic-scope: thread
2024-11-16 10:37:08,506 [capa.rules] DEBUG: loaded rule: 'packed with Pepack' with scope: static-scope: file, dynamic-scope: file
2024-11-16 10:37:08,507 [capa.rules] DEBUG: loaded rule: 'compile .NET assembly' with scope: static-scope: function, dynamic-scope: call
2024-11-16 10:37:08,507 [capa.rules] DEBUG: loaded rule: 'map or unmap memory on Linux' with scope: static-scope: function, dynamic-scope: call
2024-11-16 10:37:08,508 [capa.rules] DEBUG: loaded rule: 'delete registry key via StdRegProv' with scope: static-scope: function, dynamic-scope: thread
2024-11-16 10:37:08,508 [capa.rules] DEBUG: loaded rule: 'find data using regex in .NET' with scope: static-scope: function, dynamic-scope: call
2024-11-16 10:37:08,509 [capa.rules] DEBUG: loaded rule: 'listen for remote procedure calls' with scope: static-scope: basic block, dynamic-scope: call
2024-11-16 10:37:08,509 [capa.rules] DEBUG: loaded rule: 'implement UI automation client in .NET' with scope: static-scope: file
2024-11-16 10:37:08,510 [capa.rules] DEBUG: loaded rule: 'hook routines via LSPlant' with scope: static-scope: basic block, dynamic-scope: thread
2024-11-16 10:37:08,510 [capa.rules] DEBUG: loaded rule: 'linked against CPP regex library' with scope: static-scope: file, dynamic-scope: file
2024-11-16 10:37:08,511 [capa.rules] DEBUG: loaded rule: 'unmanaged call' with scope: static-scope: function
2024-11-16 10:37:08,511 [capa.rules] DEBUG: loaded rule: 'check thread yield allowed' with scope: static-scope: function
2024-11-16 10:37:08,512 [capa.rules] DEBUG: loaded rule: 'modify API blacklist or denylist via JNI on Android' with scope: static-scope: function, dynamic-scope: thread
2024-11-16 10:37:08,513 [capa.rules] DEBUG: loaded rule: 'get system information on Linux' with scope: static-scope: function, dynamic-scope: thread
2024-11-16 10:37:08,513 [capa.rules] DEBUG: loaded rule: 'hash data using CRC32b' with scope: static-scope: function
2024-11-16 10:37:08,514 [capa.rules] DEBUG: loaded rule: 'create process via WMI in .NET' with scope: static-scope: function, dynamic-scope: thread
2024-11-16 10:37:08,514 [capa.rules] DEBUG: loaded rule: 'check for minimum number of windows on screen' with scope: static-scope: basic block
2024-11-16 10:37:08,515 [capa.rules] DEBUG: loaded rule: 'linked against Go process enumeration library' with scope: static-scope: file, dynamic-scope: file
2024-11-16 10:37:08,515 [capa.rules] DEBUG: loaded rule: 'generate random bytes in .NET' with scope: static-scope: function, dynamic-scope: call
2024-11-16 10:37:08,516 [capa.rules] DEBUG: loaded rule: 'delete internet cache' with scope: static-scope: function, dynamic-scope: thread
2024-11-16 10:37:08,516 [capa.rules] DEBUG: loaded rule: 'execute via timer in .NET' with scope: static-scope: function, dynamic-scope: call
2024-11-16 10:37:08,517 [capa.rules] DEBUG: loaded rule: 'read raw disk data' with scope: static-scope: file, dynamic-scope: file
2024-11-16 10:37:08,517 [capa.rules] DEBUG: loaded rule: 'packed with enigma' with scope: static-scope: file, dynamic-scope: file
2024-11-16 10:37:08,518 [capa.rules] DEBUG: loaded rule: 'hash data using RIPEMD320' with scope: static-scope: function, dynamic-scope: thread
2024-11-16 10:37:08,519 [capa.rules] DEBUG: loaded rule: 'interact with Windows Scripting Host in .NET' with scope: static-scope: file
2024-11-16 10:37:08,519 [capa.rules] DEBUG: loaded rule: 'enable safe mode boot' with scope: static-scope: function, dynamic-scope: thread
2024-11-16 10:37:08,520 [capa.rules] DEBUG: loaded rule: 'capture network configuration via ifconfig' with scope: static-scope: basic block, dynamic-scope: call
2024-11-16 10:37:08,520 [capa.rules] DEBUG: loaded rule: 'resolve function by hash' with scope: static-scope: function, dynamic-scope: thread
2024-11-16 10:37:08,521 [capa.rules] DEBUG: loaded rule: 'reference the VMWare IO port' with scope: static-scope: function
2024-11-16 10:37:08,522 [capa.rules] DEBUG: loaded rule: 'get volume information via IOCTL' with scope: static-scope: basic block, dynamic-scope: call
2024-11-16 10:37:08,522 [capa.rules] DEBUG: loaded rule: 'append data to CLFS log container' with scope: static-scope: function, dynamic-scope: thread
2024-11-16 10:37:08,523 [capa.rules] DEBUG: loaded rule: 'display service notification message box' with scope: static-scope: function, dynamic-scope: thread
2024-11-16 10:37:08,523 [capa.rules] DEBUG: loaded rule: 'reference Comodo Secure DNS server' with scope: static-scope: function, dynamic-scope: thread
2024-11-16 10:37:08,524 [capa.rules] DEBUG: loaded rule: 'reference startup folder' with scope: static-scope: file, dynamic-scope: file
2024-11-16 10:37:08,524 [capa.rules] DEBUG: loaded rule: 'delete registry value via StdRegProv' with scope: static-scope: function, dynamic-scope: thread
2024-11-16 10:37:08,525 [capa.rules] DEBUG: loaded rule: 'check for outgoing call in .NET on Android' with scope: static-scope: function
2024-11-16 10:37:08,525 [capa.rules] DEBUG: loaded rule: 'encrypt data using RSA' with scope: static-scope: function, dynamic-scope: call
2024-11-16 10:37:08,526 [capa.rules] DEBUG: loaded rule: 'manipulate unmanaged memory in .NET' with scope: static-scope: function
2024-11-16 10:37:08,527 [capa.rules] DEBUG: loaded rule: 'hash data using RIPEMD256' with scope: static-scope: function, dynamic-scope: thread
2024-11-16 10:37:08,527 [capa.rules] DEBUG: loaded rule: 'execute shell command via Windows Remote Management' with scope: static-scope: function, dynamic-scope: thread
2024-11-16 10:37:08,528 [capa.rules] DEBUG: loaded rule: 'hash data using sha1 via x86 extensions' with scope: static-scope: basic block
2024-11-16 10:37:08,528 [capa.rules] DEBUG: loaded rule: 'packaged as a NSIS installer' with scope: static-scope: file, dynamic-scope: file
2024-11-16 10:37:08,528 [capa.rules] DEBUG: loaded rule: 'list UDP connections and listeners' with scope: static-scope: basic block, dynamic-scope: call
2024-11-16 10:37:08,529 [capa.rules] DEBUG: loaded rule: 'connect network resource' with scope: static-scope: function, dynamic-scope: thread
2024-11-16 10:37:08,530 [capa.rules] DEBUG: loaded rule: 'get current PID on Linux' with scope: static-scope: basic block, dynamic-scope: call
2024-11-16 10:37:08,530 [capa.rules] DEBUG: loaded rule: 'list user accounts' with scope: static-scope: basic block, dynamic-scope: call
2024-11-16 10:37:08,530 [capa.rules] DEBUG: loaded rule: 'receive and write data from server to client' with scope: static-scope: function, dynamic-scope: thread
2024-11-16 10:37:08,531 [capa.rules] DEBUG: loaded rule: 'get proxy' with scope: static-scope: function, dynamic-scope: thread
2024-11-16 10:37:08,532 [capa.rules] DEBUG: loaded rule: 'enumerate files in .NET' with scope: static-scope: function, dynamic-scope: thread
2024-11-16 10:37:08,532 [capa.rules] DEBUG: loaded rule: 'capture microphone audio in .NET on Android' with scope: static-scope: function
2024-11-16 10:37:08,533 [capa.rules] DEBUG: loaded rule: 'capture process snapshot data' with scope: static-scope: function, dynamic-scope: call
2024-11-16 10:37:08,533 [capa.rules] DEBUG: loaded rule: 'delete user account' with scope: static-scope: basic block, dynamic-scope: call
2024-11-16 10:37:08,534 [capa.rules] DEBUG: loaded rule: 'packed with ProCrypt' with scope: static-scope: file, dynamic-scope: file
2024-11-16 10:37:08,534 [capa.rules] DEBUG: loaded rule: 'decrypt data via SSPI' with scope: static-scope: basic block, dynamic-scope: call
2024-11-16 10:37:08,535 [capa.rules] DEBUG: loaded rule: 'interact with shortcut via IWshShortcut in .NET' with scope: static-scope: function
2024-11-16 10:37:08,535 [capa.rules] DEBUG: loaded rule: 'check ProcessDebugFlags' with scope: static-scope: basic block, dynamic-scope: call
2024-11-16 10:37:08,536 [capa.rules] DEBUG: loaded rule: 'check for windows sandbox via subdirectory' with scope: static-scope: basic block, dynamic-scope: thread
2024-11-16 10:37:08,536 [capa.rules] DEBUG: loaded rule: 'list groups for user account' with scope: static-scope: basic block, dynamic-scope: call
2024-11-16 10:37:08,537 [capa.rules] DEBUG: loaded rule: 'terminate process by name' with scope: static-scope: function
2024-11-16 10:37:08,537 [capa.rules] DEBUG: loaded rule: 'get file system information on Linux' with scope: static-scope: basic block, dynamic-scope: call
2024-11-16 10:37:08,538 [capa.rules] DEBUG: loaded rule: 'set registry value via StdRegProv' with scope: static-scope: function, dynamic-scope: thread
2024-11-16 10:37:08,539 [capa.rules] DEBUG: loaded rule: 'check if process is running under Android emulator on Android' with scope: static-scope: function, dynamic-scope: call
2024-11-16 10:37:08,539 [capa.rules] DEBUG: loaded rule: 'packed with CCG' with scope: static-scope: file, dynamic-scope: file
2024-11-16 10:37:08,540 [capa.rules] DEBUG: loaded rule: 'implement COM DLL' with scope: static-scope: file, dynamic-scope: file
2024-11-16 10:37:08,540 [capa.rules] DEBUG: loaded rule: 'hash data via BCrypt' with scope: static-scope: function, dynamic-scope: thread
2024-11-16 10:37:08,541 [capa.rules] DEBUG: loaded rule: 'delete Windows backup catalog' with scope: static-scope: basic block, dynamic-scope: call
2024-11-16 10:37:08,542 [capa.rules] DEBUG: loaded rule: 'hook routines via microsoft detours' with scope: static-scope: function, dynamic-scope: thread
2024-11-16 10:37:08,542 [capa.rules] DEBUG: loaded rule: 'enumerate device drivers on Linux' with scope: static-scope: function, dynamic-scope: thread
2024-11-16 10:37:08,543 [capa.rules] DEBUG: loaded rule: 'empty the recycle bin' with scope: static-scope: function, dynamic-scope: call
2024-11-16 10:37:08,543 [capa.rules] DEBUG: loaded rule: 'allocate unmanaged memory in .NET' with scope: static-scope: function, dynamic-scope: call
2024-11-16 10:37:08,544 [capa.rules] DEBUG: loaded rule: 'bypass UAC via scheduled task environment variable' with scope: static-scope: function, dynamic-scope: thread
2024-11-16 10:37:08,545 [capa.rules] DEBUG: loaded rule: 'reference Hurricane Electric DNS server' with scope: static-scope: function, dynamic-scope: thread
2024-11-16 10:37:08,545 [capa.rules] DEBUG: loaded rule: 'execute .NET assembly' with scope: static-scope: function, dynamic-scope: call
2024-11-16 10:37:08,546 [capa.rules] DEBUG: loaded rule: 'set global application hook' with scope: static-scope: basic block, dynamic-scope: call
2024-11-16 10:37:08,546 [capa.rules] DEBUG: loaded rule: 'reference Base58 string' with scope: static-scope: file, dynamic-scope: file
2024-11-16 10:37:08,547 [capa.rules] DEBUG: loaded rule: 'packaged as a Wise installer' with scope: static-scope: file, dynamic-scope: file
2024-11-16 10:37:08,547 [capa.rules] DEBUG: loaded rule: 'delete user account from group' with scope: static-scope: basic block, dynamic-scope: call
2024-11-16 10:37:08,548 [capa.rules] DEBUG: loaded rule: 'generate random filename in .NET' with scope: static-scope: function, dynamic-scope: call
2024-11-16 10:37:08,548 [capa.rules] DEBUG: loaded rule: 'get system web proxy' with scope: static-scope: function, dynamic-scope: call
2024-11-16 10:37:08,549 [capa.rules] DEBUG: loaded rule: 'hash data using murmur2' with scope: static-scope: instruction
2024-11-16 10:37:08,549 [capa.rules] DEBUG: loaded rule: 'create zip archive in .NET' with scope: static-scope: basic block
2024-11-16 10:37:08,550 [capa.rules] DEBUG: loaded rule: 'enumerate PE sections in .NET' with scope: static-scope: function
2024-11-16 10:37:08,550 [capa.rules] DEBUG: loaded rule: 'create registry key via StdRegProv' with scope: static-scope: function, dynamic-scope: thread
2024-11-16 10:37:08,551 [capa.rules] DEBUG: loaded rule: 'delete user account group' with scope: static-scope: basic block, dynamic-scope: call
2024-11-16 10:37:08,551 [capa.rules] DEBUG: loaded rule: 'hash data using SHA1 via WinCrypt' with scope: static-scope: function, dynamic-scope: thread
2024-11-16 10:37:08,552 [capa.rules] DEBUG: loaded rule: 'query remote server for available data' with scope: static-scope: basic block, dynamic-scope: call
2024-11-16 10:37:08,553 [capa.rules] DEBUG: loaded rule: 'enumerate disk volumes' with scope: static-scope: function, dynamic-scope: thread
2024-11-16 10:37:08,553 [capa.rules] DEBUG: loaded rule: 'compiled with ExeScript' with scope: static-scope: file, dynamic-scope: file
2024-11-16 10:37:08,554 [capa.rules] DEBUG: loaded rule: 'check license value' with scope: static-scope: function, dynamic-scope: thread
2024-11-16 10:37:08,554 [capa.rules] DEBUG: loaded rule: 'packed with Perplex' with scope: static-scope: file, dynamic-scope: file
2024-11-16 10:37:08,555 [capa.rules] DEBUG: loaded rule: 'check SystemKernelDebuggerInformation' with scope: static-scope: basic block, dynamic-scope: call
2024-11-16 10:37:08,556 [capa.rules] DEBUG: loaded rule: 'create thread bypassing process freeze' with scope: static-scope: basic block, dynamic-scope: call
2024-11-16 10:37:08,556 [capa.rules] DEBUG: loaded rule: 'add value to global atom table' with scope: static-scope: function, dynamic-scope: thread
2024-11-16 10:37:08,557 [capa.rules] DEBUG: loaded rule: 'packed with Dragon Armor' with scope: static-scope: file, dynamic-scope: file
2024-11-16 10:37:08,557 [capa.rules] DEBUG: loaded rule: 'resolve function by FNV-1a hash' with scope: static-scope: function, dynamic-scope: thread
2024-11-16 10:37:08,559 [capa.rules] DEBUG: loaded rule: 'reference cryptocurrency strings' with scope: static-scope: file, dynamic-scope: file
2024-11-16 10:37:08,559 [capa.rules] DEBUG: loaded rule: 'get password database entry on Linux' with scope: static-scope: instruction, dynamic-scope: call
2024-11-16 10:37:08,560 [capa.rules] DEBUG: loaded rule: 'decode data using Base64 in .NET' with scope: static-scope: function, dynamic-scope: call
2024-11-16 10:37:08,560 [capa.rules] DEBUG: loaded rule: 'create Restart Manager session' with scope: static-scope: function, dynamic-scope: call
2024-11-16 10:37:08,561 [capa.rules] DEBUG: loaded rule: 'obfuscated with KoiVM' with scope: static-scope: file
2024-11-16 10:37:08,561 [capa.rules] DEBUG: loaded rule: 'hash data using rshash' with scope: static-scope: function
2024-11-16 10:37:08,562 [capa.rules] DEBUG: loaded rule: 'list containers' with scope: static-scope: function, dynamic-scope: thread
2024-11-16 10:37:08,563 [capa.rules] DEBUG: loaded rule: 'make an HTTP request with a Cookie' with scope: static-scope: function, dynamic-scope: thread
2024-11-16 10:37:08,564 [capa.rules] DEBUG: loaded rule: 'hash data using aphash' with scope: static-scope: function
2024-11-16 10:37:08,564 [capa.rules] DEBUG: loaded rule: 'send HTTP request with Host header' with scope: static-scope: function, dynamic-scope: thread
2024-11-16 10:37:08,566 [capa.rules] DEBUG: loaded rule: 'run in container' with scope: static-scope: function, dynamic-scope: thread
2024-11-16 10:37:08,566 [capa.rules] DEBUG: loaded rule: 'interact with iptables' with scope: static-scope: basic block, dynamic-scope: call
2024-11-16 10:37:08,567 [capa.rules] DEBUG: loaded rule: 'packed with WWPACK' with scope: static-scope: file, dynamic-scope: file
2024-11-16 10:37:08,567 [capa.rules] DEBUG: loaded rule: 'check for incoming call in .NET on Android' with scope: static-scope: function
2024-11-16 10:37:08,568 [capa.rules] DEBUG: loaded rule: 'linked against XZip' with scope: static-scope: file, dynamic-scope: file
2024-11-16 10:37:08,569 [capa.rules] DEBUG: loaded rule: 'log keystrokes via raw input data' with scope: static-scope: function
2024-11-16 10:37:08,570 [capa.rules] DEBUG: loaded rule: 'get current process file path' with scope: static-scope: basic block, dynamic-scope: call
2024-11-16 10:37:08,571 [capa.rules] DEBUG: loaded rule: 'encrypt data using Salsa20 or ChaCha' with scope: static-scope: function, dynamic-scope: thread
2024-11-16 10:37:08,571 [capa.rules] DEBUG: loaded rule: 'mark thread detached on Linux' with scope: static-scope: basic block, dynamic-scope: call
2024-11-16 10:37:08,572 [capa.rules] DEBUG: loaded rule: 'check file extension in .NET' with scope: static-scope: function, dynamic-scope: call
2024-11-16 10:37:08,572 [capa.rules] DEBUG: loaded rule: 'authenticate data with MD5-MAC' with scope: static-scope: function
2024-11-16 10:37:08,573 [capa.rules] DEBUG: loaded rule: 'generate random numbers using the Delphi LCG' with scope: static-scope: basic block
2024-11-16 10:37:08,573 [capa.rules] DEBUG: loaded rule: 'register raw input devices' with scope: static-scope: basic block, dynamic-scope: call
2024-11-16 10:37:08,574 [capa.rules] DEBUG: loaded rule: 'load XML in .NET' with scope: static-scope: function, dynamic-scope: call
2024-11-16 10:37:08,574 [capa.rules] DEBUG: loaded rule: 'compare security identifiers' with scope: static-scope: basic block, dynamic-scope: call
2024-11-16 10:37:08,575 [capa.rules] DEBUG: loaded rule: 'persist via GNOME autostart on Linux' with scope: static-scope: function, dynamic-scope: thread
2024-11-16 10:37:08,575 [capa.rules] DEBUG: loaded rule: 'rebuilt by ImpRec' with scope: static-scope: file, dynamic-scope: file
2024-11-16 10:37:08,576 [capa.rules] DEBUG: loaded rule: 'check file permission on Linux' with scope: static-scope: function, dynamic-scope: call
2024-11-16 10:37:08,576 [capa.rules] DEBUG: loaded rule: 'execute via asynchronous task in .NET' with scope: static-scope: function, dynamic-scope: call
2024-11-16 10:37:08,577 [capa.rules] DEBUG: loaded rule: 'get current process command line' with scope: static-scope: function, dynamic-scope: thread
2024-11-16 10:37:08,577 [capa.rules] DEBUG: loaded rule: 'clear clipboard data' with scope: static-scope: function, dynamic-scope: call
2024-11-16 10:37:08,578 [capa.rules] DEBUG: loaded rule: 'encrypt data using OpenSSL ECDSA' with scope: static-scope: function
2024-11-16 10:37:08,578 [capa.rules] DEBUG: loaded rule: 'packed with Crunch' with scope: static-scope: file, dynamic-scope: file
2024-11-16 10:37:08,579 [capa.rules] DEBUG: loaded rule: 'execute syscall' with scope: static-scope: basic block
2024-11-16 10:37:08,579 [capa.rules] DEBUG: loaded rule: 'packaged as an InstallShield installer' with scope: static-scope: file, dynamic-scope: file
2024-11-16 10:37:08,581 [capa.rules] DEBUG: loaded rule: 'encrypt data using OpenSSL RSA' with scope: static-scope: function
2024-11-16 10:37:08,581 [capa.rules] DEBUG: loaded rule: 'reference OpenDNS DNS server' with scope: static-scope: function, dynamic-scope: thread
2024-11-16 10:37:08,581 [capa.rules] DEBUG: loaded rule: 'truncate file on Linux' with scope: static-scope: basic block, dynamic-scope: call
2024-11-16 10:37:08,582 [capa.rules] DEBUG: loaded rule: 'get routing table' with scope: static-scope: function, dynamic-scope: call
2024-11-16 10:37:08,582 [capa.rules] DEBUG: loaded rule: 'compress data using GZip in .NET' with scope: static-scope: function, dynamic-scope: call
2024-11-16 10:37:08,584 [capa.rules] DEBUG: loaded rule: 'enumerate device drivers on Windows' with scope: static-scope: function, dynamic-scope: thread
2024-11-16 10:37:08,584 [capa.rules] DEBUG: loaded rule: 'parse URL' with scope: static-scope: basic block, dynamic-scope: call
2024-11-16 10:37:08,585 [capa.rules] DEBUG: loaded rule: 'enumerate system firmware tables' with scope: static-scope: function, dynamic-scope: call
2024-11-16 10:37:08,585 [capa.rules] DEBUG: loaded rule: 'encrypt or decrypt data via BCrypt' with scope: static-scope: function, dynamic-scope: thread
2024-11-16 10:37:08,586 [capa.rules] DEBUG: loaded rule: 'get MAC address on Linux' with scope: static-scope: function, dynamic-scope: thread
2024-11-16 10:37:08,586 [capa.rules] DEBUG: loaded rule: 'delete registry key via offline registry library' with scope: static-scope: function, dynamic-scope: call
2024-11-16 10:37:08,588 [capa.rules] DEBUG: loaded rule: 'create container' with scope: static-scope: function, dynamic-scope: thread
2024-11-16 10:37:08,588 [capa.rules] DEBUG: loaded rule: 'add user account' with scope: static-scope: basic block, dynamic-scope: call
2024-11-16 10:37:08,589 [capa.rules] DEBUG: loaded rule: 'upload file to OneDrive' with scope: static-scope: file, dynamic-scope: file
2024-11-16 10:37:08,589 [capa.rules] DEBUG: loaded rule: 'reference Cloudflare DNS server' with scope: static-scope: function, dynamic-scope: thread
2024-11-16 10:37:08,590 [capa.rules] DEBUG: loaded rule: 'set HTTP cookie' with scope: static-scope: function, dynamic-scope: call
2024-11-16 10:37:08,590 [capa.rules] DEBUG: loaded rule: 'check clipboard data' with scope: static-scope: function, dynamic-scope: call
2024-11-16 10:37:08,591 [capa.rules] DEBUG: loaded rule: 'packed with Simple Pack' with scope: static-scope: file, dynamic-scope: file
2024-11-16 10:37:08,591 [capa.rules] DEBUG: loaded rule: 'compiled with Xamarin' with scope: static-scope: file, dynamic-scope: file
2024-11-16 10:37:08,592 [capa.rules] DEBUG: loaded rule: 'send data to Internet' with scope: static-scope: function, dynamic-scope: thread
2024-11-16 10:37:08,593 [capa.rules] DEBUG: loaded rule: 'get thread local storage value' with scope: static-scope: function, dynamic-scope: call
2024-11-16 10:37:08,593 [capa.rules] DEBUG: loaded rule: 'hook routines via dlsym RTLD_NEXT' with scope: static-scope: basic block, dynamic-scope: call
2024-11-16 10:37:08,594 [capa.rules] DEBUG: loaded rule: 'enumerate network shares' with scope: static-scope: function, dynamic-scope: thread
2024-11-16 10:37:08,594 [capa.rules] DEBUG: loaded rule: 'add user account to group' with scope: static-scope: basic block, dynamic-scope: call
2024-11-16 10:37:08,595 [capa.rules] DEBUG: loaded rule: 'unmount volume via IOCTL' with scope: static-scope: function, dynamic-scope: call
2024-11-16 10:37:08,595 [capa.rules] DEBUG: loaded rule: 'get HTTP request URI' with scope: static-scope: basic block, dynamic-scope: call
2024-11-16 10:37:08,596 [capa.rules] DEBUG: loaded rule: 'get OS version in .NET' with scope: static-scope: basic block
2024-11-16 10:37:08,596 [capa.rules] DEBUG: loaded rule: 'check for VM using instruction VPCEXT' with scope: static-scope: function
2024-11-16 10:37:08,597 [capa.rules] DEBUG: loaded rule: 'send email in .NET' with scope: static-scope: function, dynamic-scope: call
2024-11-16 10:37:08,597 [capa.rules] DEBUG: loaded rule: 'send keystrokes' with scope: static-scope: function, dynamic-scope: call
2024-11-16 10:37:08,598 [capa.rules] DEBUG: loaded rule: 'compile CSharp in .NET' with scope: static-scope: function, dynamic-scope: thread
2024-11-16 10:37:08,598 [capa.rules] DEBUG: loaded rule: 'linked against CPP HTTP library' with scope: static-scope: file, dynamic-scope: file
2024-11-16 10:37:08,599 [capa.rules] DEBUG: loaded rule: 'reference screen saver executable' with scope: static-scope: function, dynamic-scope: thread
2024-11-16 10:37:08,599 [capa.rules] DEBUG: loaded rule: 'delete file on Linux' with scope: static-scope: basic block, dynamic-scope: call
2024-11-16 10:37:08,600 [capa.rules] DEBUG: loaded rule: 'get networking parameters' with scope: static-scope: function, dynamic-scope: call
2024-11-16 10:37:08,600 [capa.rules] DEBUG: loaded rule: 'encrypt data via SSPI' with scope: static-scope: basic block, dynamic-scope: call
2024-11-16 10:37:08,601 [capa.rules] DEBUG: loaded rule: 'build Docker image' with scope: static-scope: function, dynamic-scope: thread
2024-11-16 10:37:08,602 [capa.rules] DEBUG: loaded rule: 'hash data using sha256 via x86 extensions' with scope: static-scope: basic block
2024-11-16 10:37:08,602 [capa.rules] DEBUG: loaded rule: 'encrypt data using AES via x86 extensions' with scope: static-scope: function
2024-11-16 10:37:08,603 [capa.rules] DEBUG: loaded rule: 'unmanaged call via dynamic PInvoke in .NET' with scope: static-scope: function, dynamic-scope: thread
2024-11-16 10:37:08,603 [capa.rules] DEBUG: loaded rule: 'packed with Shrinker' with scope: static-scope: file, dynamic-scope: file
2024-11-16 10:37:08,604 [capa.rules] DEBUG: loaded rule: 'packed with MEW' with scope: static-scope: file, dynamic-scope: file
2024-11-16 10:37:08,604 [capa.rules] DEBUG: loaded rule: 'manipulate console window' with scope: static-scope: function, dynamic-scope: call
2024-11-16 10:37:08,606 [capa.rules] DEBUG: loaded rule: 'capture webcam video' with scope: static-scope: function, dynamic-scope: thread
2024-11-16 10:37:08,606 [capa.rules] DEBUG: loaded rule: 'link function at runtime on Linux' with scope: static-scope: function, dynamic-scope: thread
2024-11-16 10:37:08,607 [capa.rules] DEBUG: loaded rule: 'enumerate internet cache' with scope: static-scope: function, dynamic-scope: thread
2024-11-16 10:37:08,608 [capa.rules] DEBUG: loaded rule: 'check for sandbox via MAC address OUIs in .NET' with scope: static-scope: function
2024-11-16 10:37:08,609 [capa.rules] DEBUG: loaded rule: 'enumerate drives' with scope: static-scope: function, dynamic-scope: call
2024-11-16 10:37:08,609 [capa.rules] DEBUG: loaded rule: 'list TCP connections and listeners' with scope: static-scope: basic block, dynamic-scope: call
2024-11-16 10:37:08,609 [capa.rules] DEBUG: loaded rule: 'get inbound credentials handle via CredSSP' with scope: static-scope: basic block, dynamic-scope: call
2024-11-16 10:37:08,610 [capa.rules] DEBUG: loaded rule: 'reference AES constants' with scope: static-scope: function
2024-11-16 10:37:08,610 [capa.rules] DEBUG: loaded rule: 'collect ssh keys' with scope: static-scope: function, dynamic-scope: thread
2024-11-16 10:37:08,611 [capa.rules] DEBUG: loaded rule: 'use .NET library SimpleJSON' with scope: static-scope: file
2024-11-16 10:37:08,611 [capa.rules] DEBUG: loaded rule: 'send SMS on Android' with scope: static-scope: function
2024-11-16 10:37:08,612 [capa.rules] DEBUG: loaded rule: 'search for credit card data' with scope: static-scope: function
2024-11-16 10:37:08,613 [capa.rules] DEBUG: loaded rule: 'get shadow password file entry on Linux' with scope: static-scope: instruction, dynamic-scope: call
2024-11-16 10:37:08,613 [capa.rules] DEBUG: loaded rule: 'prompt user for credentials' with scope: static-scope: function, dynamic-scope: thread
2024-11-16 10:37:08,614 [capa.rules] DEBUG: loaded rule: 'get token privileges' with scope: static-scope: function, dynamic-scope: thread
2024-11-16 10:37:08,615 [capa.rules] DEBUG: loaded rule: 'hash data using Whirlpool' with scope: static-scope: function
2024-11-16 10:37:08,615 [capa.rules] DEBUG: loaded rule: 'set thread name on Linux' with scope: static-scope: basic block, dynamic-scope: thread
2024-11-16 10:37:08,616 [capa.rules] DEBUG: loaded rule: 'execute shellcode via indirect call' with scope: static-scope: function
2024-11-16 10:37:08,617 [capa.rules] DEBUG: loaded rule: 'get process image filename' with scope: static-scope: basic block, dynamic-scope: thread
2024-11-16 10:37:08,617 [capa.rules] DEBUG: loaded rule: 'set HTTP User-Agent in .NET' with scope: static-scope: function
2024-11-16 10:37:08,617 [capa.rules] DEBUG: loaded rule: 'list domain servers' with scope: static-scope: basic block, dynamic-scope: call
2024-11-16 10:37:08,618 [capa.rules] DEBUG: loaded rule: 'mixed mode' with scope: static-scope: file
2024-11-16 10:37:08,618 [capa.rules] DEBUG: loaded rule: 'hash data using MD4' with scope: static-scope: basic block, dynamic-scope: call
2024-11-16 10:37:08,619 [capa.rules] DEBUG: loaded rule: 'add user account group' with scope: static-scope: basic block, dynamic-scope: call
2024-11-16 10:37:08,619 [capa.rules] DEBUG: loaded rule: 'manipulate user privileges' with scope: static-scope: function, dynamic-scope: call
2024-11-16 10:37:08,620 [capa.rules] DEBUG: loaded rule: 'change user account password' with scope: static-scope: basic block, dynamic-scope: call
2024-11-16 10:37:08,620 [capa.rules] DEBUG: loaded rule: 'query or enumerate registry value via StdRegProv' with scope: static-scope: function, dynamic-scope: thread
2024-11-16 10:37:08,621 [capa.rules] DEBUG: loaded rule: 'resize volume shadow copy storage' with scope: static-scope: basic block, dynamic-scope: call
2024-11-16 10:37:08,621 [capa.rules] DEBUG: loaded rule: 'generate method via reflection in .NET' with scope: static-scope: function, dynamic-scope: call
2024-11-16 10:37:08,622 [capa.rules] DEBUG: loaded rule: 'enumerate processes via procfs' with scope: static-scope: function, dynamic-scope: thread
2024-11-16 10:37:08,622 [capa.rules] DEBUG: loaded rule: 'compiled from EPL' with scope: static-scope: file, dynamic-scope: file
2024-11-16 10:37:08,623 [capa.rules] DEBUG: loaded rule: 'load .NET assembly' with scope: static-scope: function, dynamic-scope: call
2024-11-16 10:37:08,624 [capa.rules] DEBUG: loaded rule: 'resolve function by djb2 hash' with scope: static-scope: function, dynamic-scope: thread
2024-11-16 10:37:08,624 [capa.rules] DEBUG: loaded rule: 'linked against CPP JSON library' with scope: static-scope: file, dynamic-scope: file
2024-11-16 10:37:08,625 [capa.rules] DEBUG: loaded rule: 'packed with TSULoader' with scope: static-scope: file, dynamic-scope: file
2024-11-16 10:37:08,625 [capa.rules] DEBUG: loaded rule: 'monitor clipboard content' with scope: static-scope: basic block, dynamic-scope: call
2024-11-16 10:37:08,625 [capa.rules] DEBUG: loaded rule: 'packed with SVKP' with scope: static-scope: file, dynamic-scope: file
2024-11-16 10:37:08,626 [capa.rules] DEBUG: loaded rule: 'get OS version in .NET on Android' with scope: static-scope: function
2024-11-16 10:37:08,626 [capa.rules] DEBUG: loaded rule: 'reference Quad9 DNS server' with scope: static-scope: function, dynamic-scope: thread
2024-11-16 10:37:08,627 [capa.rules] DEBUG: loaded rule: 'packed with Neolite' with scope: static-scope: file, dynamic-scope: file
2024-11-16 10:37:08,627 [capa.rules] DEBUG: loaded rule: 'change memory permission on Linux' with scope: static-scope: function, dynamic-scope: call
2024-11-16 10:37:08,629 [capa.rules] DEBUG: loaded rule: 'check for process debug object' with scope: static-scope: function, dynamic-scope: thread
2024-11-16 10:37:08,629 [capa.rules] DEBUG: loaded rule: 'enumerate processes that use resource' with scope: static-scope: function, dynamic-scope: thread
2024-11-16 10:37:08,630 [capa.rules] DEBUG: loaded rule: 'contain a thread local storage (.tls) section in .NET' with scope: static-scope: file, dynamic-scope: file
2024-11-16 10:37:08,630 [capa.rules] DEBUG: loaded rule: 'communicate with kernel module via Netlink socket on Linux' with scope: static-scope: basic block, dynamic-scope: call
2024-11-16 10:37:08,631 [capa.rules] DEBUG: loaded rule: 'packed with VProtect' with scope: static-scope: file, dynamic-scope: file
2024-11-16 10:37:08,631 [capa.rules] DEBUG: loaded rule: 'packed with MaskPE' with scope: static-scope: file, dynamic-scope: file
2024-11-16 10:37:08,632 [capa.rules] DEBUG: loaded rule: 'reference Verisign DNS server' with scope: static-scope: function, dynamic-scope: thread
2024-11-16 10:37:08,632 [capa.rules] DEBUG: loaded rule: 'get current process memory mapping on Linux' with scope: static-scope: basic block, dynamic-scope: call
2024-11-16 10:37:08,633 [capa.rules] DEBUG: loaded rule: 'reference 114DNS DNS server' with scope: static-scope: function, dynamic-scope: thread
2024-11-16 10:37:08,633 [capa.rules] DEBUG: loaded rule: 'check for Windows sandbox via mutex' with scope: static-scope: function, dynamic-scope: thread
2024-11-16 10:37:08,634 [capa.rules] DEBUG: loaded rule: 'schedule task via ITaskService' with scope: static-scope: function
2024-11-16 10:37:08,635 [capa.rules] DEBUG: loaded rule: 'check thread suspend count exceeded' with scope: static-scope: file
2024-11-16 10:37:08,635 [capa.rules] DEBUG: loaded rule: 'packaged as a CreateInstall installer' with scope: static-scope: file, dynamic-scope: file
2024-11-16 10:37:08,636 [capa.rules] DEBUG: loaded rule: 'list user accounts for group' with scope: static-scope: basic block, dynamic-scope: call
2024-11-16 10:37:08,636 [capa.rules] DEBUG: loaded rule: 'load packed DEX via Jiagu on Android' with scope: static-scope: function, dynamic-scope: thread
2024-11-16 10:37:08,637 [capa.rules] DEBUG: loaded rule: 'get client handle via SChannel' with scope: static-scope: function, dynamic-scope: thread
2024-11-16 10:37:08,637 [capa.rules] DEBUG: loaded rule: 'access camera in .NET on Android' with scope: static-scope: function
2024-11-16 10:37:08,638 [capa.rules] DEBUG: loaded rule: 'access WMI data in .NET' with scope: static-scope: function, dynamic-scope: thread
2024-11-16 10:37:08,639 [capa.rules] DEBUG: loaded rule: 'inspect load icon resource' with scope: static-scope: basic block
2024-11-16 10:37:08,639 [capa.rules] DEBUG: loaded rule: 'use .NET library websocket-sharp' with scope: static-scope: file
2024-11-16 10:37:08,639 [capa.rules] DEBUG: loaded rule: 'check if directory exists' with scope: static-scope: function, dynamic-scope: call
2024-11-16 10:37:08,640 [capa.rules] DEBUG: loaded rule: 'packaged as a WinZip self-extracting archive' with scope: static-scope: file, dynamic-scope: file
2024-11-16 10:37:08,640 [capa.rules] DEBUG: loaded rule: 'packed with Mpress' with scope: static-scope: file, dynamic-scope: file
2024-11-16 10:37:08,641 [capa.rules] DEBUG: loaded rule: 'reference L3 DNS server' with scope: static-scope: function, dynamic-scope: thread
2024-11-16 10:37:08,641 [capa.rules] DEBUG: loaded rule: 'get session information' with scope: static-scope: function, dynamic-scope: thread
2024-11-16 10:37:08,642 [capa.rules] DEBUG: loaded rule: 'query or enumerate registry key via StdRegProv' with scope: static-scope: function, dynamic-scope: thread
2024-11-16 10:37:08,642 [capa.rules] DEBUG: loaded rule: 'get storage device properties' with scope: static-scope: function, dynamic-scope: thread
2024-11-16 10:37:08,643 [capa.rules] DEBUG: loaded rule: 'migrate process to active window station' with scope: static-scope: function, dynamic-scope: thread
2024-11-16 10:37:08,644 [capa.rules] DEBUG: loaded rule: 'invoke .NET assembly method' with scope: static-scope: function, dynamic-scope: call
2024-11-16 10:37:08,644 [capa.rules] DEBUG: loaded rule: 'compiled with pyarmor' with scope: static-scope: file, dynamic-scope: file
2024-11-16 10:37:08,645 [capa.rules] DEBUG: loaded rule: 'compiled with nuitka' with scope: static-scope: file, dynamic-scope: file
2024-11-16 10:37:08,646 [capa.rules] DEBUG: loaded rule: 'compiled with MinGW for Windows' with scope: static-scope: file, dynamic-scope: file
2024-11-16 10:37:08,646 [capa.rules] DEBUG: loaded rule: 'compiled with py2exe' with scope: static-scope: basic block, dynamic-scope: call
2024-11-16 10:37:08,647 [capa.rules] DEBUG: loaded rule: 'compiled with dmd' with scope: static-scope: file, dynamic-scope: file
2024-11-16 10:37:08,648 [capa.rules] DEBUG: loaded rule: 'compiled with perl2exe' with scope: static-scope: function, dynamic-scope: thread
2024-11-16 10:37:08,648 [capa.rules] DEBUG: loaded rule: 'compiled from Visual Basic' with scope: static-scope: file, dynamic-scope: file
2024-11-16 10:37:08,649 [capa.rules] DEBUG: loaded rule: 'compiled with Borland Delphi' with scope: static-scope: file, dynamic-scope: file
2024-11-16 10:37:08,649 [capa.rules] DEBUG: loaded rule: 'compiled with AutoHotKey' with scope: static-scope: file, dynamic-scope: file
2024-11-16 10:37:08,651 [capa.rules] DEBUG: loaded rule: 'compiled with cx_Freeze' with scope: static-scope: file, dynamic-scope: file
2024-11-16 10:37:08,651 [capa.rules] DEBUG: loaded rule: 'compiled with Go' with scope: static-scope: file, dynamic-scope: file
2024-11-16 10:37:08,652 [capa.rules] DEBUG: loaded rule: 'compiled with V' with scope: static-scope: file, dynamic-scope: file
2024-11-16 10:37:08,653 [capa.rules] DEBUG: loaded rule: 'compiled with exe4j' with scope: static-scope: file, dynamic-scope: file
2024-11-16 10:37:08,654 [capa.rules] DEBUG: loaded rule: 'compiled with Nim' with scope: static-scope: file, dynamic-scope: file
2024-11-16 10:37:08,654 [capa.rules] DEBUG: loaded rule: 'compiled with ps2exe' with scope: static-scope: file, dynamic-scope: file
2024-11-16 10:37:08,655 [capa.rules] DEBUG: loaded rule: 'compiled with Zig' with scope: static-scope: file, dynamic-scope: file
2024-11-16 10:37:08,655 [capa.rules] DEBUG: loaded rule: 'compiled with rust' with scope: static-scope: file, dynamic-scope: file
2024-11-16 10:37:08,656 [capa.rules] DEBUG: loaded rule: 'compiled with Dart' with scope: static-scope: file, dynamic-scope: file
2024-11-16 10:37:08,657 [capa.rules] DEBUG: loaded rule: 'compiled with AutoIt' with scope: static-scope: file, dynamic-scope: file
2024-11-16 10:37:08,658 [capa.rules] DEBUG: loaded rule: 'get geographical location' with scope: static-scope: function, dynamic-scope: thread
2024-11-16 10:37:08,659 [capa.rules] DEBUG: loaded rule: 'acquire credentials from Windows Credential Manager' with scope: static-scope: function, dynamic-scope: thread
2024-11-16 10:37:08,660 [capa.rules] DEBUG: loaded rule: 'use .NET library SharpClipboard' with scope: static-scope: file, dynamic-scope: file
2024-11-16 10:37:08,662 [capa.rules] DEBUG: loaded rule: 'gather chrome based browser login information' with scope: static-scope: file, dynamic-scope: file
2024-11-16 10:37:08,664 [capa.rules] DEBUG: loaded rule: 'gather firefox profile information' with scope: static-scope: function, dynamic-scope: thread
2024-11-16 10:37:08,665 [capa.rules] DEBUG: loaded rule: 'capture screenshot via keybd event' with scope: static-scope: function, dynamic-scope: thread
2024-11-16 10:37:08,666 [capa.rules] DEBUG: loaded rule: 'capture screenshot' with scope: static-scope: function, dynamic-scope: thread
2024-11-16 10:37:08,667 [capa.rules] DEBUG: loaded rule: 'log keystrokes' with scope: static-scope: function, dynamic-scope: thread
2024-11-16 10:37:08,668 [capa.rules] DEBUG: loaded rule: 'log keystrokes via polling' with scope: static-scope: function, dynamic-scope: call
2024-11-16 10:37:08,668 [capa.rules] DEBUG: loaded rule: 'log keystrokes via application hook' with scope: static-scope: basic block, dynamic-scope: call
2024-11-16 10:37:08,669 [capa.rules] DEBUG: loaded rule: 'capture microphone audio' with scope: static-scope: function, dynamic-scope: thread
2024-11-16 10:37:08,670 [capa.rules] DEBUG: loaded rule: 'discover Group Policy via gpresult' with scope: static-scope: function, dynamic-scope: thread
2024-11-16 10:37:08,671 [capa.rules] DEBUG: loaded rule: 'parse credit card information' with scope: static-scope: function
2024-11-16 10:37:08,672 [capa.rules] DEBUG: loaded rule: 'capture webcam image' with scope: static-scope: function, dynamic-scope: thread
2024-11-16 10:37:08,673 [capa.rules] DEBUG: loaded rule: 'reference WMI statements' with scope: static-scope: function, dynamic-scope: thread
2024-11-16 10:37:08,674 [capa.rules] DEBUG: loaded rule: 'reference SQL statements' with scope: static-scope: function, dynamic-scope: thread
2024-11-16 10:37:08,674 [capa.rules] DEBUG: loaded rule: 'capture packets using SharpPcap' with scope: static-scope: function, dynamic-scope: thread
2024-11-16 10:37:08,675 [capa.rules] DEBUG: loaded rule: 'get domain trust relationships' with scope: static-scope: function, dynamic-scope: thread
2024-11-16 10:37:08,676 [capa.rules] DEBUG: loaded rule: 'capture public ip' with scope: static-scope: function, dynamic-scope: thread
2024-11-16 10:37:08,677 [capa.rules] DEBUG: loaded rule: 'get MAC address on Windows' with scope: static-scope: function, dynamic-scope: thread
2024-11-16 10:37:08,678 [capa.rules] DEBUG: loaded rule: 'capture network configuration via ipconfig' with scope: static-scope: basic block, dynamic-scope: thread
2024-11-16 10:37:08,679 [capa.rules] DEBUG: loaded rule: 'gather total-commander information' with scope: static-scope: function, dynamic-scope: thread
2024-11-16 10:37:08,679 [capa.rules] DEBUG: loaded rule: 'gather ftprush information' with scope: static-scope: function, dynamic-scope: thread
2024-11-16 10:37:08,680 [capa.rules] DEBUG: loaded rule: 'gather ftpnow information' with scope: static-scope: function, dynamic-scope: thread
2024-11-16 10:37:08,680 [capa.rules] DEBUG: loaded rule: 'gather wise-ftp information' with scope: static-scope: function, dynamic-scope: thread
2024-11-16 10:37:08,681 [capa.rules] DEBUG: loaded rule: 'gather goftp information' with scope: static-scope: function, dynamic-scope: thread
2024-11-16 10:37:08,682 [capa.rules] DEBUG: loaded rule: 'gather cuteftp information' with scope: static-scope: function, dynamic-scope: thread
2024-11-16 10:37:08,683 [capa.rules] DEBUG: loaded rule: 'gather ftp-explorer information' with scope: static-scope: function, dynamic-scope: thread
2024-11-16 10:37:08,683 [capa.rules] DEBUG: loaded rule: 'gather ws-ftp information' with scope: static-scope: function, dynamic-scope: thread
2024-11-16 10:37:08,684 [capa.rules] DEBUG: loaded rule: 'gather cyberduck information' with scope: static-scope: function, dynamic-scope: thread
2024-11-16 10:37:08,684 [capa.rules] DEBUG: loaded rule: 'gather ftp-voyager information' with scope: static-scope: function, dynamic-scope: thread
2024-11-16 10:37:08,685 [capa.rules] DEBUG: loaded rule: 'gather robo-ftp information' with scope: static-scope: function, dynamic-scope: thread
2024-11-16 10:37:08,686 [capa.rules] DEBUG: loaded rule: 'gather ffftp information' with scope: static-scope: function, dynamic-scope: thread
2024-11-16 10:37:08,686 [capa.rules] DEBUG: loaded rule: 'gather ultrafxp information' with scope: static-scope: function, dynamic-scope: thread
2024-11-16 10:37:08,687 [capa.rules] DEBUG: loaded rule: 'gather fasttrack-ftp information' with scope: static-scope: function, dynamic-scope: thread
2024-11-16 10:37:08,687 [capa.rules] DEBUG: loaded rule: 'gather bulletproof-ftp information' with scope: static-scope: function, dynamic-scope: thread
2024-11-16 10:37:08,688 [capa.rules] DEBUG: loaded rule: 'gather winscp information' with scope: static-scope: function, dynamic-scope: thread
2024-11-16 10:37:08,689 [capa.rules] DEBUG: loaded rule: 'gather turbo-ftp information' with scope: static-scope: function, dynamic-scope: thread
2024-11-16 10:37:08,689 [capa.rules] DEBUG: loaded rule: 'gather ftpshell information' with scope: static-scope: function, dynamic-scope: thread
2024-11-16 10:37:08,690 [capa.rules] DEBUG: loaded rule: 'gather faststone-browser information' with scope: static-scope: function, dynamic-scope: thread
2024-11-16 10:37:08,690 [capa.rules] DEBUG: loaded rule: 'gather nova-ftp information' with scope: static-scope: function, dynamic-scope: thread
2024-11-16 10:37:08,691 [capa.rules] DEBUG: loaded rule: 'gather southriver-webdrive information' with scope: static-scope: function, dynamic-scope: thread
2024-11-16 10:37:08,691 [capa.rules] DEBUG: loaded rule: 'gather frigate3 information' with scope: static-scope: function, dynamic-scope: thread
2024-11-16 10:37:08,692 [capa.rules] DEBUG: loaded rule: 'gather coreftp information' with scope: static-scope: function, dynamic-scope: thread
2024-11-16 10:37:08,692 [capa.rules] DEBUG: loaded rule: 'gather securefx information' with scope: static-scope: function, dynamic-scope: thread
2024-11-16 10:37:08,693 [capa.rules] DEBUG: loaded rule: 'gather smart-ftp information' with scope: static-scope: function, dynamic-scope: thread
2024-11-16 10:37:08,694 [capa.rules] DEBUG: loaded rule: 'gather 3d-ftp information' with scope: static-scope: function, dynamic-scope: thread
2024-11-16 10:37:08,694 [capa.rules] DEBUG: loaded rule: 'gather bitkinex information' with scope: static-scope: function, dynamic-scope: thread
2024-11-16 10:37:08,695 [capa.rules] DEBUG: loaded rule: 'gather classicftp information' with scope: static-scope: function, dynamic-scope: thread
2024-11-16 10:37:08,695 [capa.rules] DEBUG: loaded rule: 'gather ftp-commander information' with scope: static-scope: function, dynamic-scope: thread
2024-11-16 10:37:08,696 [capa.rules] DEBUG: loaded rule: 'gather ftpgetter information' with scope: static-scope: function, dynamic-scope: thread
2024-11-16 10:37:08,696 [capa.rules] DEBUG: loaded rule: 'gather flashfxp information' with scope: static-scope: function, dynamic-scope: thread
2024-11-16 10:37:08,697 [capa.rules] DEBUG: loaded rule: 'gather netdrive information' with scope: static-scope: function, dynamic-scope: thread
2024-11-16 10:37:08,698 [capa.rules] DEBUG: loaded rule: 'gather fling-ftp information' with scope: static-scope: function, dynamic-scope: thread
2024-11-16 10:37:08,698 [capa.rules] DEBUG: loaded rule: 'gather staff-ftp information' with scope: static-scope: function, dynamic-scope: thread
2024-11-16 10:37:08,699 [capa.rules] DEBUG: loaded rule: 'gather ftpinfo information' with scope: static-scope: function, dynamic-scope: thread
2024-11-16 10:37:08,699 [capa.rules] DEBUG: loaded rule: 'gather alftp information' with scope: static-scope: function, dynamic-scope: thread
2024-11-16 10:37:08,700 [capa.rules] DEBUG: loaded rule: 'gather xftp information' with scope: static-scope: function, dynamic-scope: thread
2024-11-16 10:37:08,700 [capa.rules] DEBUG: loaded rule: 'gather blazeftp information' with scope: static-scope: function, dynamic-scope: thread
2024-11-16 10:37:08,701 [capa.rules] DEBUG: loaded rule: 'gather nexusfile information' with scope: static-scope: function, dynamic-scope: thread
2024-11-16 10:37:08,702 [capa.rules] DEBUG: loaded rule: 'gather winzip information' with scope: static-scope: function, dynamic-scope: thread
2024-11-16 10:37:08,705 [capa.rules] DEBUG: loaded rule: 'gather directory-opus information' with scope: static-scope: function, dynamic-scope: thread
2024-11-16 10:37:08,706 [capa.rules] DEBUG: loaded rule: 'gather filezilla information' with scope: static-scope: function, dynamic-scope: thread
2024-11-16 10:37:08,709 [capa.rules] DEBUG: loaded rule: 'gather leapftp information' with scope: static-scope: function, dynamic-scope: thread
2024-11-16 10:37:08,709 [capa.rules] DEBUG: loaded rule: 'gather freshftp information' with scope: static-scope: function, dynamic-scope: thread
2024-11-16 10:37:08,710 [capa.rules] DEBUG: loaded rule: 'gather softx-ftp information' with scope: static-scope: function, dynamic-scope: thread
2024-11-16 10:37:08,710 [capa.rules] DEBUG: loaded rule: 'gather global-downloader information' with scope: static-scope: function, dynamic-scope: thread
2024-11-16 10:37:08,711 [capa.rules] DEBUG: loaded rule: 'gather expandrive information' with scope: static-scope: function, dynamic-scope: thread
2024-11-16 10:37:08,712 [capa.rules] DEBUG: loaded rule: 'gather direct-ftp information' with scope: static-scope: function, dynamic-scope: thread
2024-11-16 10:37:08,713 [capa.rules] DEBUG: loaded rule: 'steal KeePass passwords using KeeFarce' with scope: static-scope: file, dynamic-scope: file
2024-11-16 10:37:08,714 [capa.rules] DEBUG: loaded rule: 'check mutex and exit' with scope: static-scope: function, dynamic-scope: thread
2024-11-16 10:37:08,715 [capa.rules] DEBUG: loaded rule: 'lock semaphore on Linux' with scope: static-scope: function, dynamic-scope: thread
2024-11-16 10:37:08,715 [capa.rules] DEBUG: loaded rule: 'unlock semaphore on Linux' with scope: static-scope: function, dynamic-scope: thread
2024-11-16 10:37:08,715 [capa.rules] DEBUG: loaded rule: 'create mutex' with scope: static-scope: function, dynamic-scope: call
2024-11-16 10:37:08,716 [capa.rules] DEBUG: loaded rule: 'lock file' with scope: static-scope: basic block, dynamic-scope: call
2024-11-16 10:37:08,717 [capa.rules] DEBUG: loaded rule: 'create semaphore on Linux' with scope: static-scope: function, dynamic-scope: thread
2024-11-16 10:37:08,717 [capa.rules] DEBUG: loaded rule: 'check mutex' with scope: static-scope: basic block, dynamic-scope: thread
2024-11-16 10:37:08,718 [capa.rules] DEBUG: loaded rule: 'bypass UAC via AppInfo ALPC' with scope: static-scope: function, dynamic-scope: thread
2024-11-16 10:37:08,719 [capa.rules] DEBUG: loaded rule: 'bypass UAC via RPC' with scope: static-scope: function, dynamic-scope: thread
2024-11-16 10:37:08,719 [capa.rules] DEBUG: loaded rule: 'bypass UAC via ICMLuaUtil' with scope: static-scope: function, dynamic-scope: thread
2024-11-16 10:37:08,720 [capa.rules] DEBUG: loaded rule: 'bypass UAC via token manipulation' with scope: static-scope: function, dynamic-scope: thread
2024-11-16 10:37:08,721 [capa.rules] DEBUG: loaded rule: 'disable driver code integrity' with scope: static-scope: function, dynamic-scope: thread
2024-11-16 10:37:08,721 [capa.rules] DEBUG: loaded rule: 'create device object' with scope: static-scope: function, dynamic-scope: thread
2024-11-16 10:37:08,722 [capa.rules] DEBUG: loaded rule: 'install driver' with scope: static-scope: basic block, dynamic-scope: call
2024-11-16 10:37:08,723 [capa.rules] DEBUG: loaded rule: 'unload driver' with scope: static-scope: basic block, dynamic-scope: call
2024-11-16 10:37:08,723 [capa.rules] DEBUG: loaded rule: 'interact with driver via IOCTL' with scope: static-scope: basic block, dynamic-scope: thread
2024-11-16 10:37:08,723 [capa.rules] DEBUG: loaded rule: 'complete processing asynchronous IO request' with scope: static-scope: basic block, dynamic-scope: thread
2024-11-16 10:37:08,725 [capa.rules] DEBUG: loaded rule: 'manipulate boot configuration' with scope: static-scope: function, dynamic-scope: thread
2024-11-16 10:37:08,725 [capa.rules] DEBUG: loaded rule: 'manipulate safe mode programs' with scope: static-scope: function, dynamic-scope: thread
2024-11-16 10:37:08,726 [capa.rules] DEBUG: loaded rule: 'disable code signing' with scope: static-scope: function, dynamic-scope: thread
2024-11-16 10:37:08,726 [capa.rules] DEBUG: loaded rule: 'get UEFI variable' with scope: static-scope: function, dynamic-scope: call
2024-11-16 10:37:08,727 [capa.rules] DEBUG: loaded rule: 'set UEFI variable' with scope: static-scope: function, dynamic-scope: call
2024-11-16 10:37:08,727 [capa.rules] DEBUG: loaded rule: 'enumerate minifilter drivers' with scope: static-scope: function, dynamic-scope: thread
2024-11-16 10:37:08,728 [capa.rules] DEBUG: loaded rule: 'register minifilter driver' with scope: static-scope: basic block, dynamic-scope: call
2024-11-16 10:37:08,728 [capa.rules] DEBUG: loaded rule: 'start minifilter driver' with scope: static-scope: basic block, dynamic-scope: call
2024-11-16 10:37:08,729 [capa.rules] DEBUG: loaded rule: 'run as service' with scope: static-scope: file, dynamic-scope: file
2024-11-16 10:37:08,730 [capa.rules] DEBUG: loaded rule: 'pause service' with scope: static-scope: function, dynamic-scope: thread
2024-11-16 10:37:08,730 [capa.rules] DEBUG: loaded rule: 'query service configuration' with scope: static-scope: function, dynamic-scope: call
2024-11-16 10:37:08,731 [capa.rules] DEBUG: loaded rule: 'continue service' with scope: static-scope: function, dynamic-scope: thread
2024-11-16 10:37:08,731 [capa.rules] DEBUG: loaded rule: 'query service status' with scope: static-scope: function, dynamic-scope: call
2024-11-16 10:37:08,732 [capa.rules] DEBUG: loaded rule: 'enumerate services' with scope: static-scope: function, dynamic-scope: call
2024-11-16 10:37:08,732 [capa.rules] DEBUG: loaded rule: 'start service' with scope: static-scope: function, dynamic-scope: thread
2024-11-16 10:37:08,733 [capa.rules] DEBUG: loaded rule: 'delete service' with scope: static-scope: function, dynamic-scope: thread
2024-11-16 10:37:08,734 [capa.rules] DEBUG: loaded rule: 'stop service' with scope: static-scope: function, dynamic-scope: thread
2024-11-16 10:37:08,734 [capa.rules] DEBUG: loaded rule: 'create service' with scope: static-scope: function, dynamic-scope: thread
2024-11-16 10:37:08,735 [capa.rules] DEBUG: loaded rule: 'modify service' with scope: static-scope: function, dynamic-scope: thread
2024-11-16 10:37:08,735 [capa.rules] DEBUG: loaded rule: 'open registry key via offline registry library' with scope: static-scope: function, dynamic-scope: call
2024-11-16 10:37:08,736 [capa.rules] DEBUG: loaded rule: 'create registry key via offline registry library' with scope: static-scope: function, dynamic-scope: call
2024-11-16 10:37:08,737 [capa.rules] DEBUG: loaded rule: 'query or enumerate registry value' with scope: static-scope: function, dynamic-scope: thread
2024-11-16 10:37:08,738 [capa.rules] DEBUG: loaded rule: 'query or enumerate registry key' with scope: static-scope: function, dynamic-scope: thread
2024-11-16 10:37:08,739 [capa.rules] DEBUG: loaded rule: 'set registry key via offline registry library' with scope: static-scope: function, dynamic-scope: thread
2024-11-16 10:37:08,741 [capa.rules] DEBUG: loaded rule: 'open RecentDocs registry key' with scope: static-scope: basic block, dynamic-scope: call
2024-11-16 10:37:08,741 [capa.rules] DEBUG: loaded rule: 'query registry key via offline registry library' with scope: static-scope: function, dynamic-scope: call
2024-11-16 10:37:08,742 [capa.rules] DEBUG: loaded rule: 'delete registry value' with scope: static-scope: function, dynamic-scope: thread
2024-11-16 10:37:08,743 [capa.rules] DEBUG: loaded rule: 'delete registry key' with scope: static-scope: function, dynamic-scope: thread
2024-11-16 10:37:08,745 [capa.rules] DEBUG: loaded rule: 'set registry value' with scope: static-scope: function, dynamic-scope: thread
2024-11-16 10:37:08,745 [capa.rules] DEBUG: loaded rule: 'empty recycle bin quietly' with scope: static-scope: basic block
2024-11-16 10:37:08,746 [capa.rules] DEBUG: loaded rule: 'access firewall settings via INetFwMgr' with scope: static-scope: function
2024-11-16 10:37:08,747 [capa.rules] DEBUG: loaded rule: 'access firewall rule properties via INetFwRule' with scope: static-scope: function, dynamic-scope: thread
2024-11-16 10:37:08,748 [capa.rules] DEBUG: loaded rule: 'access firewall policy via INetFwPolicy2' with scope: static-scope: function, dynamic-scope: thread
2024-11-16 10:37:08,748 [capa.rules] DEBUG: loaded rule: 'create new application domain in .NET' with scope: static-scope: file
2024-11-16 10:37:08,749 [capa.rules] DEBUG: loaded rule: 'access the Windows event log' with scope: static-scope: function, dynamic-scope: call
2024-11-16 10:37:08,749 [capa.rules] DEBUG: loaded rule: 'print debug messages' with scope: static-scope: function, dynamic-scope: call
2024-11-16 10:37:08,752 [capa.rules] DEBUG: loaded rule: 'read data from CLFS log container' with scope: static-scope: function, dynamic-scope: thread
2024-11-16 10:37:08,753 [capa.rules] DEBUG: loaded rule: 'get user security identifier' with scope: static-scope: basic block, dynamic-scope: call
2024-11-16 10:37:08,755 [capa.rules] DEBUG: loaded rule: 'get current user on Linux' with scope: static-scope: function, dynamic-scope: thread
2024-11-16 10:37:08,756 [capa.rules] DEBUG: loaded rule: 'get session user name' with scope: static-scope: function, dynamic-scope: thread
2024-11-16 10:37:08,757 [capa.rules] DEBUG: loaded rule: 'get session integrity level' with scope: static-scope: function, dynamic-scope: thread
2024-11-16 10:37:08,759 [capa.rules] DEBUG: loaded rule: 'get token membership' with scope: static-scope: function, dynamic-scope: thread
2024-11-16 10:37:08,760 [capa.rules] DEBUG: loaded rule: 'get logon sessions' with scope: static-scope: function, dynamic-scope: thread
2024-11-16 10:37:08,826 [capa.rules] DEBUG: loaded rule: 'connect to WMI namespace via WbemLocator' with scope: static-scope: function
2024-11-16 10:37:08,826 [capa.rules] DEBUG: loaded rule: 'accept command line arguments' with scope: static-scope: function, dynamic-scope: call
2024-11-16 10:37:08,827 [capa.rules] DEBUG: loaded rule: 'resolve path using msvcrt' with scope: static-scope: basic block, dynamic-scope: call
2024-11-16 10:37:08,828 [capa.rules] DEBUG: loaded rule: 'get process heap force flags' with scope: static-scope: basic block
2024-11-16 10:37:08,829 [capa.rules] DEBUG: loaded rule: 'map section object' with scope: static-scope: function, dynamic-scope: thread
2024-11-16 10:37:08,829 [capa.rules] DEBUG: loaded rule: 'get process filename' with scope: static-scope: basic block
2024-11-16 10:37:08,830 [capa.rules] DEBUG: loaded rule: 'get process heap flags' with scope: static-scope: basic block
2024-11-16 10:37:08,832 [capa.rules] DEBUG: loaded rule: 'enumerate process modules' with scope: static-scope: function, dynamic-scope: thread
2024-11-16 10:37:08,832 [capa.rules] DEBUG: loaded rule: 'terminate process via kill' with scope: static-scope: basic block, dynamic-scope: call
2024-11-16 10:37:08,833 [capa.rules] DEBUG: loaded rule: 'terminate process' with scope: static-scope: function, dynamic-scope: thread
2024-11-16 10:37:08,834 [capa.rules] DEBUG: loaded rule: 'enumerate processes via NtQuerySystemInformation' with scope: static-scope: basic block, dynamic-scope: call
2024-11-16 10:37:08,834 [capa.rules] DEBUG: loaded rule: 'enumerate processes on remote desktop session host' with scope: static-scope: function, dynamic-scope: thread
2024-11-16 10:37:08,835 [capa.rules] DEBUG: loaded rule: 'get Explorer PID' with scope: static-scope: basic block, dynamic-scope: thread
2024-11-16 10:37:08,836 [capa.rules] DEBUG: loaded rule: 'enumerate processes' with scope: static-scope: function, dynamic-scope: thread
2024-11-16 10:37:08,836 [capa.rules] DEBUG: loaded rule: 'find process by PID' with scope: static-scope: function, dynamic-scope: thread
2024-11-16 10:37:08,837 [capa.rules] DEBUG: loaded rule: 'inject shellcode using extra window memory' with scope: static-scope: function, dynamic-scope: thread
2024-11-16 10:37:08,837 [capa.rules] DEBUG: loaded rule: 'attach user process memory' with scope: static-scope: function, dynamic-scope: thread
2024-11-16 10:37:08,838 [capa.rules] DEBUG: loaded rule: 'inject shellcode using a file mapping object' with scope: static-scope: function, dynamic-scope: thread
2024-11-16 10:37:08,839 [capa.rules] DEBUG: loaded rule: 'hijack thread execution' with scope: static-scope: function, dynamic-scope: thread
2024-11-16 10:37:08,840 [capa.rules] DEBUG: loaded rule: 'allocate or change RWX memory' with scope: static-scope: basic block, dynamic-scope: thread
2024-11-16 10:37:08,840 [capa.rules] DEBUG: loaded rule: 'process ghostly hollowing' with scope: static-scope: function, dynamic-scope: call
2024-11-16 10:37:08,841 [capa.rules] DEBUG: loaded rule: 'inject APC' with scope: static-scope: function, dynamic-scope: thread
2024-11-16 10:37:08,842 [capa.rules] DEBUG: loaded rule: 'inject thread' with scope: static-scope: function, dynamic-scope: thread
2024-11-16 10:37:08,842 [capa.rules] DEBUG: loaded rule: 'allocate user process RWX memory' with scope: static-scope: function, dynamic-scope: thread
2024-11-16 10:37:08,843 [capa.rules] DEBUG: loaded rule: 'free user process memory' with scope: static-scope: function, dynamic-scope: thread
2024-11-16 10:37:08,844 [capa.rules] DEBUG: loaded rule: 'inject shellcode using window subclass procedure' with scope: static-scope: function, dynamic-scope: thread
2024-11-16 10:37:08,845 [capa.rules] DEBUG: loaded rule: 'inject dll' with scope: static-scope: function, dynamic-scope: thread
2024-11-16 10:37:08,845 [capa.rules] DEBUG: loaded rule: 'use process replacement' with scope: static-scope: function, dynamic-scope: thread
2024-11-16 10:37:08,846 [capa.rules] DEBUG: loaded rule: 'inject pe' with scope: static-scope: function
2024-11-16 10:37:08,847 [capa.rules] DEBUG: loaded rule: 'use process Doppelgänging' with scope: static-scope: file, dynamic-scope: file
2024-11-16 10:37:08,848 [capa.rules] DEBUG: loaded rule: 'create process on Windows' with scope: static-scope: basic block, dynamic-scope: call
2024-11-16 10:37:08,849 [capa.rules] DEBUG: loaded rule: 'create a process with modified I/O handles and window' with scope: static-scope: function
2024-11-16 10:37:08,849 [capa.rules] DEBUG: loaded rule: 'create process suspended' with scope: static-scope: basic block, dynamic-scope: call
2024-11-16 10:37:08,850 [capa.rules] DEBUG: loaded rule: 'execute command' with scope: static-scope: function, dynamic-scope: call
2024-11-16 10:37:08,854 [capa.loader] DEBUG: reading signatures from directory /opt/CAPEv2/data/flare-signatures
2024-11-16 10:37:08,854 [capa.loader] DEBUG: found signature file: /opt/CAPEv2/data/flare-signatures/1_flare_msvc_rtf_32_64.sig
2024-11-16 10:37:08,854 [capa.loader] DEBUG: found signature file: /opt/CAPEv2/data/flare-signatures/2_flare_msvc_atlmfc_32_64.sig
2024-11-16 10:37:08,855 [capa.loader] DEBUG: found signature file: /opt/CAPEv2/data/flare-signatures/3_flare_common_libs.sig
2024-11-16 10:37:08,994 [root] DEBUG: Imported "auxiliary" modules:
2024-11-16 10:37:08,994 [root] DEBUG: 	 |-- AzSniffer
2024-11-16 10:37:08,994 [root] DEBUG: 	 |-- Mitmdump
2024-11-16 10:37:08,994 [root] DEBUG: 	 |-- QEMUScreenshots
2024-11-16 10:37:08,994 [root] DEBUG: 	 `-- Sniffer
2024-11-16 10:37:08,994 [root] DEBUG: Imported "processing" modules:
2024-11-16 10:37:08,994 [root] DEBUG: 	 |-- CAPE
2024-11-16 10:37:08,994 [root] DEBUG: 	 |-- AnalysisInfo
2024-11-16 10:37:08,994 [root] DEBUG: 	 |-- Autoruns
2024-11-16 10:37:08,995 [root] DEBUG: 	 |-- BehaviorAnalysis
2024-11-16 10:37:08,995 [root] DEBUG: 	 |-- Debug
2024-11-16 10:37:08,995 [root] DEBUG: 	 |-- HollowsHunter
2024-11-16 10:37:08,995 [root] DEBUG: 	 |-- NetworkAnalysis
2024-11-16 10:37:08,995 [root] DEBUG: 	 |-- ProcessMemory
2024-11-16 10:37:08,995 [root] DEBUG: 	 |-- script_log_processing
2024-11-16 10:37:08,995 [root] DEBUG: 	 |-- Suricata
2024-11-16 10:37:08,995 [root] DEBUG: 	 `-- UrlAnalysis
2024-11-16 10:37:08,995 [root] DEBUG: Imported "signatures" modules:
2024-11-16 10:37:08,995 [root] DEBUG: 	 |-- AntiAnalysisTLSSection
2024-11-16 10:37:08,995 [root] DEBUG: 	 |-- ClamAV
2024-11-16 10:37:08,995 [root] DEBUG: 	 |-- KnownVirustotal
2024-11-16 10:37:08,996 [root] DEBUG: 	 |-- BadCerts
2024-11-16 10:37:08,996 [root] DEBUG: 	 |-- BadSSLCerts
2024-11-16 10:37:08,996 [root] DEBUG: 	 |-- ZeusP2P
2024-11-16 10:37:08,996 [root] DEBUG: 	 |-- ZeusURL
2024-11-16 10:37:08,996 [root] DEBUG: 	 |-- BinaryTriggeredYARA
2024-11-16 10:37:08,996 [root] DEBUG: 	 |-- AthenaHttp
2024-11-16 10:37:08,996 [root] DEBUG: 	 |-- DirtJumper
2024-11-16 10:37:08,996 [root] DEBUG: 	 |-- Drive
2024-11-16 10:37:08,996 [root] DEBUG: 	 |-- Drive2
2024-11-16 10:37:08,996 [root] DEBUG: 	 |-- Madness
2024-11-16 10:37:08,996 [root] DEBUG: 	 |-- FamilyProxyBack
2024-11-16 10:37:08,996 [root] DEBUG: 	 |-- FlareCAPAAntiAnalysis
2024-11-16 10:37:08,996 [root] DEBUG: 	 |-- FlareCAPACollection
2024-11-16 10:37:08,997 [root] DEBUG: 	 |-- FlareCAPAcommunication
2024-11-16 10:37:08,997 [root] DEBUG: 	 |-- FlareCAPACompiler
2024-11-16 10:37:08,997 [root] DEBUG: 	 |-- FlareCAPADataManipulation
2024-11-16 10:37:08,997 [root] DEBUG: 	 |-- FlareCAPAExecutable
2024-11-16 10:37:08,997 [root] DEBUG: 	 |-- FlareCAPAHostInteration
2024-11-16 10:37:08,997 [root] DEBUG: 	 |-- FlareCAPAcommunication
2024-11-16 10:37:08,997 [root] DEBUG: 	 |-- FlareCAPALib
2024-11-16 10:37:08,997 [root] DEBUG: 	 |-- FlareCAPALinking
2024-11-16 10:37:08,997 [root] DEBUG: 	 |-- FlareCAPALoadCode
2024-11-16 10:37:08,997 [root] DEBUG: 	 |-- FlareCAPAMalwareFamily
2024-11-16 10:37:08,997 [root] DEBUG: 	 |-- FlareCAPANursery
2024-11-16 10:37:08,997 [root] DEBUG: 	 |-- FlareCAPAPersistence
2024-11-16 10:37:08,998 [root] DEBUG: 	 |-- FlareCAPARuntime
2024-11-16 10:37:08,998 [root] DEBUG: 	 |-- FlareCAPATargeting
2024-11-16 10:37:08,998 [root] DEBUG: 	 |-- Log4j
2024-11-16 10:37:08,998 [root] DEBUG: 	 |-- MimicsExtension
2024-11-16 10:37:08,998 [root] DEBUG: 	 |-- NetworkCountryDistribution
2024-11-16 10:37:08,998 [root] DEBUG: 	 |-- NetworkMultipleDirectIPConnections
2024-11-16 10:37:08,998 [root] DEBUG: 	 |-- NetworkCnCHTTP
2024-11-16 10:37:08,998 [root] DEBUG: 	 |-- NetworkHTTPPOST
2024-11-16 10:37:08,998 [root] DEBUG: 	 |-- NetworkIPEXE
2024-11-16 10:37:08,998 [root] DEBUG: 	 |-- NetworkDGA
2024-11-16 10:37:08,998 [root] DEBUG: 	 |-- NetworkDGAFraunhofer
2024-11-16 10:37:08,998 [root] DEBUG: 	 |-- NetworkDynDNS
2024-11-16 10:37:08,999 [root] DEBUG: 	 |-- NetworkExcessiveUDP
2024-11-16 10:37:08,999 [root] DEBUG: 	 |-- NetworkHTTP
2024-11-16 10:37:08,999 [root] DEBUG: 	 |-- NetworkICMP
2024-11-16 10:37:08,999 [root] DEBUG: 	 |-- NetworkIRC
2024-11-16 10:37:08,999 [root] DEBUG: 	 |-- NetworkOpenProxy
2024-11-16 10:37:08,999 [root] DEBUG: 	 |-- NetworkP2P
2024-11-16 10:37:08,999 [root] DEBUG: 	 |-- NetworkQuestionableHost
2024-11-16 10:37:08,999 [root] DEBUG: 	 |-- NetworkQuestionableHttpPath
2024-11-16 10:37:08,999 [root] DEBUG: 	 |-- NetworkQuestionableHttpsPath
2024-11-16 10:37:08,999 [root] DEBUG: 	 |-- NetworkSMTP
2024-11-16 10:37:08,999 [root] DEBUG: 	 |-- TorGateway
2024-11-16 10:37:08,999 [root] DEBUG: 	 |-- BuildLangID
2024-11-16 10:37:08,999 [root] DEBUG: 	 |-- ResourceLangID
2024-11-16 10:37:09,000 [root] DEBUG: 	 |-- overlay
2024-11-16 10:37:09,000 [root] DEBUG: 	 |-- PackerUnknownPESectionName
2024-11-16 10:37:09,000 [root] DEBUG: 	 |-- ASPackPacked
2024-11-16 10:37:09,000 [root] DEBUG: 	 |-- AspireCryptPacked
2024-11-16 10:37:09,000 [root] DEBUG: 	 |-- BedsProtectorPacked
2024-11-16 10:37:09,000 [root] DEBUG: 	 |-- ConfuserPacked
2024-11-16 10:37:09,000 [root] DEBUG: 	 |-- EnigmaPacked
2024-11-16 10:37:09,000 [root] DEBUG: 	 |-- PackerEntropy
2024-11-16 10:37:09,000 [root] DEBUG: 	 |-- MPressPacked
2024-11-16 10:37:09,000 [root] DEBUG: 	 |-- NatePacked
2024-11-16 10:37:09,000 [root] DEBUG: 	 |-- NsPacked
2024-11-16 10:37:09,000 [root] DEBUG: 	 |-- SmartAssemblyPacked
2024-11-16 10:37:09,000 [root] DEBUG: 	 |-- SpicesPacked
2024-11-16 10:37:09,000 [root] DEBUG: 	 |-- ThemidaPacked
2024-11-16 10:37:09,001 [root] DEBUG: 	 |-- ThemidaPackedSection
2024-11-16 10:37:09,001 [root] DEBUG: 	 |-- TitanPacked
2024-11-16 10:37:09,001 [root] DEBUG: 	 |-- UPXCompressed
2024-11-16 10:37:09,001 [root] DEBUG: 	 |-- VMPPacked
2024-11-16 10:37:09,001 [root] DEBUG: 	 |-- YodaPacked
2024-11-16 10:37:09,001 [root] DEBUG: 	 |-- PDF_Annot_URLs_Checker
2024-11-16 10:37:09,001 [root] DEBUG: 	 |-- Polymorphic
2024-11-16 10:37:09,001 [root] DEBUG: 	 |-- PunchPlusPlusPCREs
2024-11-16 10:37:09,001 [root] DEBUG: 	 |-- Procmem_Yara
2024-11-16 10:37:09,001 [root] DEBUG: 	 |-- CheckIP
2024-11-16 10:37:09,001 [root] DEBUG: 	 |-- Authenticode
2024-11-16 10:37:09,001 [root] DEBUG: 	 |-- InvalidAuthenticodeSignature
2024-11-16 10:37:09,001 [root] DEBUG: 	 |-- DotNetAnomaly
2024-11-16 10:37:09,002 [root] DEBUG: 	 |-- Static_Java
2024-11-16 10:37:09,002 [root] DEBUG: 	 |-- Static_PDF
2024-11-16 10:37:09,002 [root] DEBUG: 	 |-- PEAnomaly
2024-11-16 10:37:09,002 [root] DEBUG: 	 |-- PECompileTimeStomping
2024-11-16 10:37:09,002 [root] DEBUG: 	 |-- StaticPEPDBPath
2024-11-16 10:37:09,002 [root] DEBUG: 	 |-- RATConfig
2024-11-16 10:37:09,002 [root] DEBUG: 	 |-- VersionInfoAnomaly
2024-11-16 10:37:09,002 [root] DEBUG: 	 |-- StealthNetwork
2024-11-16 10:37:09,002 [root] DEBUG: 	 |-- SuricataAlert
2024-11-16 10:37:09,002 [root] DEBUG: 	 |-- suspiciousHRML_Body
2024-11-16 10:37:09,002 [root] DEBUG: 	 |-- suspiciousHTML_Filename
2024-11-16 10:37:09,002 [root] DEBUG: 	 |-- suspiciousHTML_Title
2024-11-16 10:37:09,002 [root] DEBUG: 	 |-- VolDevicetree1
2024-11-16 10:37:09,003 [root] DEBUG: 	 |-- VolHandles1
2024-11-16 10:37:09,003 [root] DEBUG: 	 |-- VolLdrModules1
2024-11-16 10:37:09,003 [root] DEBUG: 	 |-- VolLdrModules2
2024-11-16 10:37:09,003 [root] DEBUG: 	 |-- VolMalfind1
2024-11-16 10:37:09,003 [root] DEBUG: 	 |-- VolMalfind2
2024-11-16 10:37:09,003 [root] DEBUG: 	 |-- VolModscan1
2024-11-16 10:37:09,003 [root] DEBUG: 	 |-- VolSvcscan1
2024-11-16 10:37:09,003 [root] DEBUG: 	 |-- VolSvcscan2
2024-11-16 10:37:09,003 [root] DEBUG: 	 |-- VolSvcscan3
2024-11-16 10:37:09,003 [root] DEBUG: 	 |-- WHOIS_Create
2024-11-16 10:37:09,003 [root] DEBUG: 	 |-- DisableDriverViaBlocklist
2024-11-16 10:37:09,003 [root] DEBUG: 	 |-- DisableDriverViaHVCIDisallowedImages
2024-11-16 10:37:09,003 [root] DEBUG: 	 |-- DisableHypervisorProtectedCodeIntegrity
2024-11-16 10:37:09,004 [root] DEBUG: 	 |-- PendingFileRenameOperations
2024-11-16 10:37:09,004 [root] DEBUG: 	 |-- AccessesMailslot
2024-11-16 10:37:09,004 [root] DEBUG: 	 |-- AccessesNetlogonRegkey
2024-11-16 10:37:09,004 [root] DEBUG: 	 |-- AccessesPublicFolder
2024-11-16 10:37:09,004 [root] DEBUG: 	 |-- AccessesSysvol
2024-11-16 10:37:09,004 [root] DEBUG: 	 |-- WritesSysvol
2024-11-16 10:37:09,004 [root] DEBUG: 	 |-- AddsAdminUser
2024-11-16 10:37:09,004 [root] DEBUG: 	 |-- AddsUser
2024-11-16 10:37:09,004 [root] DEBUG: 	 |-- OverwritesAdminPassword
2024-11-16 10:37:09,004 [root] DEBUG: 	 |-- anomalous_deletefile
2024-11-16 10:37:09,004 [root] DEBUG: 	 |-- AntiAnalysisDetectFile
2024-11-16 10:37:09,004 [root] DEBUG: 	 |-- AntiAnalysisDetectReg
2024-11-16 10:37:09,005 [root] DEBUG: 	 |-- QihooDetectLibs
2024-11-16 10:37:09,005 [root] DEBUG: 	 |-- AhnlabDetectLibs
2024-11-16 10:37:09,005 [root] DEBUG: 	 |-- AvastDetectLibs
2024-11-16 10:37:09,005 [root] DEBUG: 	 |-- BitdefenderDetectLibs
2024-11-16 10:37:09,005 [root] DEBUG: 	 |-- BullguardDetectLibs
2024-11-16 10:37:09,005 [root] DEBUG: 	 |-- ModifiesAttachmentManager
2024-11-16 10:37:09,005 [root] DEBUG: 	 |-- AntiAVDetectFile
2024-11-16 10:37:09,005 [root] DEBUG: 	 |-- AntiAVDetectReg
2024-11-16 10:37:09,005 [root] DEBUG: 	 |-- EmsisoftDetectLibs
2024-11-16 10:37:09,005 [root] DEBUG: 	 |-- QurbDetectLibs
2024-11-16 10:37:09,005 [root] DEBUG: 	 |-- AntiAVServiceStop
2024-11-16 10:37:09,005 [root] DEBUG: 	 |-- AntiAVSRP
2024-11-16 10:37:09,005 [root] DEBUG: 	 |-- AntiAVWhitespace
2024-11-16 10:37:09,005 [root] DEBUG: 	 |-- antidebug_addvectoredexceptionhandler
2024-11-16 10:37:09,006 [root] DEBUG: 	 |-- APIOverrideDetectLibs
2024-11-16 10:37:09,006 [root] DEBUG: 	 |-- antidebug_checkremotedebuggerpresent
2024-11-16 10:37:09,006 [root] DEBUG: 	 |-- antidebug_debugactiveprocess
2024-11-16 10:37:09,006 [root] DEBUG: 	 |-- AntiDBGDevices
2024-11-16 10:37:09,006 [root] DEBUG: 	 |-- antidebug_gettickcount
2024-11-16 10:37:09,006 [root] DEBUG: 	 |-- antidebug_guardpages
2024-11-16 10:37:09,006 [root] DEBUG: 	 |-- antidebug_ntcreatethreadex
2024-11-16 10:37:09,006 [root] DEBUG: 	 |-- BullguardDetectLibs
2024-11-16 10:37:09,006 [root] DEBUG: 	 |-- antidebug_ntsetinformationthread
2024-11-16 10:37:09,006 [root] DEBUG: 	 |-- antidebug_outputdebugstring
2024-11-16 10:37:09,006 [root] DEBUG: 	 |-- antidebug_setunhandledexceptionfilter
2024-11-16 10:37:09,006 [root] DEBUG: 	 |-- AntiDBGWindows
2024-11-16 10:37:09,006 [root] DEBUG: 	 |-- AntiEmuWinDefend
2024-11-16 10:37:09,007 [root] DEBUG: 	 |-- WineDetectReg
2024-11-16 10:37:09,007 [root] DEBUG: 	 |-- WineDetectFunc
2024-11-16 10:37:09,007 [root] DEBUG: 	 |-- AntiSandboxCheckUserdomain
2024-11-16 10:37:09,007 [root] DEBUG: 	 |-- AntiCuckoo
2024-11-16 10:37:09,007 [root] DEBUG: 	 |-- CuckooDetectFiles
2024-11-16 10:37:09,007 [root] DEBUG: 	 |-- CuckooCrash
2024-11-16 10:37:09,007 [root] DEBUG: 	 |-- AntiSandboxForegroundWindow
2024-11-16 10:37:09,007 [root] DEBUG: 	 |-- FortinetDetectFiles
2024-11-16 10:37:09,007 [root] DEBUG: 	 |-- SandboxJoeAnubisDetectFiles
2024-11-16 10:37:09,007 [root] DEBUG: 	 |-- HookMouse
2024-11-16 10:37:09,007 [root] DEBUG: 	 |-- AntiSandboxRestart
2024-11-16 10:37:09,007 [root] DEBUG: 	 |-- SandboxieDetectLibs
2024-11-16 10:37:09,007 [root] DEBUG: 	 |-- AntisandboxSboxieMutex
2024-11-16 10:37:09,008 [root] DEBUG: 	 |-- AntiSandboxSboxieObjects
2024-11-16 10:37:09,008 [root] DEBUG: 	 |-- AntiSandboxScriptTimer
2024-11-16 10:37:09,008 [root] DEBUG: 	 |-- AntiSandboxSleep
2024-11-16 10:37:09,008 [root] DEBUG: 	 |-- SunbeltDetectFiles
2024-11-16 10:37:09,008 [root] DEBUG: 	 |-- SunbeltDetectLibs
2024-11-16 10:37:09,008 [root] DEBUG: 	 |-- AntiSandboxSuspend
2024-11-16 10:37:09,008 [root] DEBUG: 	 |-- ThreatTrackDetectFiles
2024-11-16 10:37:09,008 [root] DEBUG: 	 |-- Unhook
2024-11-16 10:37:09,008 [root] DEBUG: 	 |-- BochsDetectKeys
2024-11-16 10:37:09,008 [root] DEBUG: 	 |-- AntiVMDirectoryObjects
2024-11-16 10:37:09,008 [root] DEBUG: 	 |-- AntiVMBios
2024-11-16 10:37:09,008 [root] DEBUG: 	 |-- AntiVMCPU
2024-11-16 10:37:09,008 [root] DEBUG: 	 |-- DiskInformation
2024-11-16 10:37:09,009 [root] DEBUG: 	 |-- SetupAPIDiskInformation
2024-11-16 10:37:09,009 [root] DEBUG: 	 |-- AntiVMDiskReg
2024-11-16 10:37:09,009 [root] DEBUG: 	 |-- AntiVMSCSI
2024-11-16 10:37:09,009 [root] DEBUG: 	 |-- AntiVMServices
2024-11-16 10:37:09,009 [root] DEBUG: 	 |-- AntiVMSystem
2024-11-16 10:37:09,009 [root] DEBUG: 	 |-- HyperVDetectKeys
2024-11-16 10:37:09,009 [root] DEBUG: 	 |-- AntiVMChecksAvailableMemory
2024-11-16 10:37:09,009 [root] DEBUG: 	 |-- NetworkAdapters
2024-11-16 10:37:09,009 [root] DEBUG: 	 |-- ParallelsDetectKeys
2024-11-16 10:37:09,009 [root] DEBUG: 	 |-- DetectVirtualizationViaRecentFiles
2024-11-16 10:37:09,009 [root] DEBUG: 	 |-- VBoxDetectDevices
2024-11-16 10:37:09,009 [root] DEBUG: 	 |-- VBoxDetectFiles
2024-11-16 10:37:09,009 [root] DEBUG: 	 |-- VBoxDetectKeys
2024-11-16 10:37:09,010 [root] DEBUG: 	 |-- VBoxDetectLibs
2024-11-16 10:37:09,010 [root] DEBUG: 	 |-- VBoxDetectProvname
2024-11-16 10:37:09,010 [root] DEBUG: 	 |-- VBoxDetectWindow
2024-11-16 10:37:09,010 [root] DEBUG: 	 |-- VMwareDetectDevices
2024-11-16 10:37:09,010 [root] DEBUG: 	 |-- VMwareDetectEvent
2024-11-16 10:37:09,010 [root] DEBUG: 	 |-- VMwareDetectFiles
2024-11-16 10:37:09,010 [root] DEBUG: 	 |-- VMwareDetectKeys
2024-11-16 10:37:09,010 [root] DEBUG: 	 |-- VMwareDetectLibs
2024-11-16 10:37:09,010 [root] DEBUG: 	 |-- VMwareDetectMutexes
2024-11-16 10:37:09,010 [root] DEBUG: 	 |-- VPCDetectFiles
2024-11-16 10:37:09,010 [root] DEBUG: 	 |-- VPCDetectKeys
2024-11-16 10:37:09,010 [root] DEBUG: 	 |-- VPCDetectMutex
2024-11-16 10:37:09,011 [root] DEBUG: 	 |-- XenDetectKeys
2024-11-16 10:37:09,011 [root] DEBUG: 	 |-- APISpamming
2024-11-16 10:37:09,011 [root] DEBUG: 	 |-- api_uuidfromstringa
2024-11-16 10:37:09,011 [root] DEBUG: 	 |-- AsyncRatMutex
2024-11-16 10:37:09,011 [root] DEBUG: 	 |-- GulpixBehavior
2024-11-16 10:37:09,011 [root] DEBUG: 	 |-- KetricanRegkeys
2024-11-16 10:37:09,011 [root] DEBUG: 	 |-- OkrumMutexes
2024-11-16 10:37:09,011 [root] DEBUG: 	 |-- Cridex
2024-11-16 10:37:09,011 [root] DEBUG: 	 |-- Geodo
2024-11-16 10:37:09,011 [root] DEBUG: 	 |-- Prinimalka
2024-11-16 10:37:09,011 [root] DEBUG: 	 |-- SpyEyeMutexes
2024-11-16 10:37:09,011 [root] DEBUG: 	 |-- ZeusMutexes
2024-11-16 10:37:09,011 [root] DEBUG: 	 |-- BCDEditCommand
2024-11-16 10:37:09,012 [root] DEBUG: 	 |-- BitcoinOpenCL
2024-11-16 10:37:09,012 [root] DEBUG: 	 |-- AccessesPrimaryPartition
2024-11-16 10:37:09,012 [root] DEBUG: 	 |-- Bootkit
2024-11-16 10:37:09,012 [root] DEBUG: 	 |-- DirectHDDAccess
2024-11-16 10:37:09,012 [root] DEBUG: 	 |-- EnumeratesPhysicalDrives
2024-11-16 10:37:09,012 [root] DEBUG: 	 |-- PhysicalDriveAccess
2024-11-16 10:37:09,012 [root] DEBUG: 	 |-- PotentialOverWriteMBR
2024-11-16 10:37:09,012 [root] DEBUG: 	 |-- SuspiciousIoctlSCSIPassthough
2024-11-16 10:37:09,012 [root] DEBUG: 	 |-- Ruskill
2024-11-16 10:37:09,012 [root] DEBUG: 	 |-- BrowserAddon
2024-11-16 10:37:09,012 [root] DEBUG: 	 |-- ChromiumBrowserExtensionDirectory
2024-11-16 10:37:09,012 [root] DEBUG: 	 |-- BrowserHelperObject
2024-11-16 10:37:09,012 [root] DEBUG: 	 |-- BrowserNeeded
2024-11-16 10:37:09,013 [root] DEBUG: 	 |-- ModifyProxy
2024-11-16 10:37:09,013 [root] DEBUG: 	 |-- BrowserScanbox
2024-11-16 10:37:09,013 [root] DEBUG: 	 |-- BrowserSecurity
2024-11-16 10:37:09,013 [root] DEBUG: 	 |-- browser_startpage
2024-11-16 10:37:09,013 [root] DEBUG: 	 |-- FirefoxDisablesProcessPerTab
2024-11-16 10:37:09,013 [root] DEBUG: 	 |-- IEDisablesProcessPerTab
2024-11-16 10:37:09,013 [root] DEBUG: 	 |-- OdbcconfBypass
2024-11-16 10:37:09,013 [root] DEBUG: 	 |-- RegSrv32SquiblydooDLLLoad
2024-11-16 10:37:09,013 [root] DEBUG: 	 |-- SquiblydooBypass
2024-11-16 10:37:09,013 [root] DEBUG: 	 |-- SquiblytwoBypass
2024-11-16 10:37:09,013 [root] DEBUG: 	 |-- BypassFirewall
2024-11-16 10:37:09,013 [root] DEBUG: 	 |-- UACBypassCMSTP
2024-11-16 10:37:09,014 [root] DEBUG: 	 |-- UACBypassCMSTPCOM
2024-11-16 10:37:09,014 [root] DEBUG: 	 |-- UACBypassDelegateExecuteSdclt
2024-11-16 10:37:09,014 [root] DEBUG: 	 |-- UACBypassEventvwr
2024-11-16 10:37:09,014 [root] DEBUG: 	 |-- UACBypassFodhelper
2024-11-16 10:37:09,014 [root] DEBUG: 	 |-- UACBypassWindowsBackup
2024-11-16 10:37:09,014 [root] DEBUG: 	 |-- CAPEExtractedContent
2024-11-16 10:37:09,014 [root] DEBUG: 	 |-- CarberpMutexes
2024-11-16 10:37:09,014 [root] DEBUG: 	 |-- ClearsLogs
2024-11-16 10:37:09,014 [root] DEBUG: 	 |-- ClickfraudCookies
2024-11-16 10:37:09,014 [root] DEBUG: 	 |-- ClickfraudVolume
2024-11-16 10:37:09,014 [root] DEBUG: 	 |-- CmdlineObfuscation
2024-11-16 10:37:09,014 [root] DEBUG: 	 |-- CmdlineSwitches
2024-11-16 10:37:09,014 [root] DEBUG: 	 |-- CmdlineTerminate
2024-11-16 10:37:09,015 [root] DEBUG: 	 |-- CommandLineForFilesWildCard
2024-11-16 10:37:09,015 [root] DEBUG: 	 |-- CommandLineHTTPLink
2024-11-16 10:37:09,015 [root] DEBUG: 	 |-- CommandLineLongString
2024-11-16 10:37:09,015 [root] DEBUG: 	 |-- CommandLineReversedHTTPLink
2024-11-16 10:37:09,015 [root] DEBUG: 	 |-- LongCommandline
2024-11-16 10:37:09,015 [root] DEBUG: 	 |-- PowershellRenamedCommandLine
2024-11-16 10:37:09,015 [root] DEBUG: 	 |-- SystemAccountDiscoveryCMD
2024-11-16 10:37:09,015 [root] DEBUG: 	 |-- SystemCurrentlyLoggedinUserCMD
2024-11-16 10:37:09,015 [root] DEBUG: 	 |-- SystemInfoDiscoveryCMD
2024-11-16 10:37:09,015 [root] DEBUG: 	 |-- SystemInfoDiscoveryPWSH
2024-11-16 10:37:09,015 [root] DEBUG: 	 |-- SystemNetworkDiscoveryCMD
2024-11-16 10:37:09,015 [root] DEBUG: 	 |-- SystemNetworkDiscoveryPWSH
2024-11-16 10:37:09,015 [root] DEBUG: 	 |-- SystemUserDiscoveryCMD
2024-11-16 10:37:09,016 [root] DEBUG: 	 |-- CompilesDotNetCode
2024-11-16 10:37:09,016 [root] DEBUG: 	 |-- CopiesSelf
2024-11-16 10:37:09,016 [root] DEBUG: 	 |-- CreatesExe
2024-11-16 10:37:09,016 [root] DEBUG: 	 |-- CreatesLargeKey
2024-11-16 10:37:09,016 [root] DEBUG: 	 |-- CreatesNullValue
2024-11-16 10:37:09,016 [root] DEBUG: 	 |-- AccessWindowsPasswordsVault
2024-11-16 10:37:09,016 [root] DEBUG: 	 |-- CredWiz
2024-11-16 10:37:09,016 [root] DEBUG: 	 |-- EnablesWDigest
2024-11-16 10:37:09,016 [root] DEBUG: 	 |-- VaultCmd
2024-11-16 10:37:09,016 [root] DEBUG: 	 |-- DumpLSAViaWindowsErrorReporting
2024-11-16 10:37:09,016 [root] DEBUG: 	 |-- FileCredentialStoreAccess
2024-11-16 10:37:09,016 [root] DEBUG: 	 |-- FileCredentialStoreWrite
2024-11-16 10:37:09,017 [root] DEBUG: 	 |-- KerberosCredentialAccessViaRubeus
2024-11-16 10:37:09,017 [root] DEBUG: 	 |-- LsassCredentialDumping
2024-11-16 10:37:09,017 [root] DEBUG: 	 |-- RegistryCredentialDumping
2024-11-16 10:37:09,017 [root] DEBUG: 	 |-- RegistryCredentialStoreAccess
2024-11-16 10:37:09,017 [root] DEBUG: 	 |-- RegistryLSASecretsAccess
2024-11-16 10:37:09,017 [root] DEBUG: 	 |-- ComsvcsCredentialDump
2024-11-16 10:37:09,017 [root] DEBUG: 	 |-- CriticalProcess
2024-11-16 10:37:09,017 [root] DEBUG: 	 |-- CryptGenKey
2024-11-16 10:37:09,017 [root] DEBUG: 	 |-- CryptominingStratumCommand
2024-11-16 10:37:09,017 [root] DEBUG: 	 |-- MINERS
2024-11-16 10:37:09,017 [root] DEBUG: 	 |-- CVE_2014_6332
2024-11-16 10:37:09,017 [root] DEBUG: 	 |-- CVE2015_2419_JS
2024-11-16 10:37:09,017 [root] DEBUG: 	 |-- CVE_2016_0189
2024-11-16 10:37:09,018 [root] DEBUG: 	 |-- CVE_2016_7200
2024-11-16 10:37:09,018 [root] DEBUG: 	 |-- CypherITMutexes
2024-11-16 10:37:09,018 [root] DEBUG: 	 |-- DarkCometRegkeys
2024-11-16 10:37:09,018 [root] DEBUG: 	 |-- DatopLoader
2024-11-16 10:37:09,018 [root] DEBUG: 	 |-- DeadConnect
2024-11-16 10:37:09,018 [root] DEBUG: 	 |-- DeadLink
2024-11-16 10:37:09,018 [root] DEBUG: 	 |-- DebugsSelf
2024-11-16 10:37:09,018 [root] DEBUG: 	 |-- DecoyDocument
2024-11-16 10:37:09,018 [root] DEBUG: 	 |-- DecoyImage
2024-11-16 10:37:09,018 [root] DEBUG: 	 |-- DeepFreezeMutex
2024-11-16 10:37:09,018 [root] DEBUG: 	 |-- DeletesExecutedFiles
2024-11-16 10:37:09,018 [root] DEBUG: 	 |-- DeletesExecutedFiles
2024-11-16 10:37:09,018 [root] DEBUG: 	 |-- DeletesSelf
2024-11-16 10:37:09,019 [root] DEBUG: 	 |-- DeletesShadowCopies
2024-11-16 10:37:09,019 [root] DEBUG: 	 |-- DeletesSystemStateBackup
2024-11-16 10:37:09,019 [root] DEBUG: 	 |-- DEPBypass
2024-11-16 10:37:09,019 [root] DEBUG: 	 |-- DEPDisable
2024-11-16 10:37:09,019 [root] DEBUG: 	 |-- DisablesAppLaunch
2024-11-16 10:37:09,019 [root] DEBUG: 	 |-- DisablesAutomaticAppTermination
2024-11-16 10:37:09,019 [root] DEBUG: 	 |-- DisablesAppVirtualiztion
2024-11-16 10:37:09,019 [root] DEBUG: 	 |-- DisablesBackups
2024-11-16 10:37:09,019 [root] DEBUG: 	 |-- DisablesBrowserWarn
2024-11-16 10:37:09,019 [root] DEBUG: 	 |-- DisablesContextMenus
2024-11-16 10:37:09,019 [root] DEBUG: 	 |-- DisablesCPLDisplay
2024-11-16 10:37:09,019 [root] DEBUG: 	 |-- DisablesCrashdumps
2024-11-16 10:37:09,019 [root] DEBUG: 	 |-- DisablesMappedDrivesAutodisconnect
2024-11-16 10:37:09,020 [root] DEBUG: 	 |-- DisablesEventLogging
2024-11-16 10:37:09,020 [root] DEBUG: 	 |-- DisableFolderOptions
2024-11-16 10:37:09,020 [root] DEBUG: 	 |-- DisablesNotificationCenter
2024-11-16 10:37:09,020 [root] DEBUG: 	 |-- DisablesPowerOptions
2024-11-16 10:37:09,020 [root] DEBUG: 	 |-- DisablesRestoreDefaultState
2024-11-16 10:37:09,020 [root] DEBUG: 	 |-- DisableRunCommand
2024-11-16 10:37:09,020 [root] DEBUG: 	 |-- DisablesSecurity
2024-11-16 10:37:09,020 [root] DEBUG: 	 |-- DisablesSmartScreen
2024-11-16 10:37:09,020 [root] DEBUG: 	 |-- DisablesSPDY
2024-11-16 10:37:09,020 [root] DEBUG: 	 |-- DisablesStartMenuSearch
2024-11-16 10:37:09,020 [root] DEBUG: 	 |-- DisablesSystemRestore
2024-11-16 10:37:09,020 [root] DEBUG: 	 |-- DisablesUAC
2024-11-16 10:37:09,020 [root] DEBUG: 	 |-- DisablesWER
2024-11-16 10:37:09,021 [root] DEBUG: 	 |-- DisablesWFP
2024-11-16 10:37:09,021 [root] DEBUG: 	 |-- DisablesWindowsDefender
2024-11-16 10:37:09,021 [root] DEBUG: 	 |-- DisablesWindowsDefenderDISM
2024-11-16 10:37:09,021 [root] DEBUG: 	 |-- DisablesWindowsDefenderLogging
2024-11-16 10:37:09,021 [root] DEBUG: 	 |-- RemovesWindowsDefenderContextMenu
2024-11-16 10:37:09,021 [root] DEBUG: 	 |-- WindowsDefenderPowerShell
2024-11-16 10:37:09,021 [root] DEBUG: 	 |-- DisablesWindowsFileProtection
2024-11-16 10:37:09,021 [root] DEBUG: 	 |-- DisablesWindowsUpdate
2024-11-16 10:37:09,021 [root] DEBUG: 	 |-- DisablesWindowsFirewall
2024-11-16 10:37:09,021 [root] DEBUG: 	 |-- DllLoadUncommonFileTypes
2024-11-16 10:37:09,021 [root] DEBUG: 	 |-- DocScriptEXEDrop
2024-11-16 10:37:09,021 [root] DEBUG: 	 |-- AdfindDomainEnumeration
2024-11-16 10:37:09,021 [root] DEBUG: 	 |-- DomainEnumerationCommands
2024-11-16 10:37:09,022 [root] DEBUG: 	 |-- AndromutMutexes
2024-11-16 10:37:09,022 [root] DEBUG: 	 |-- DownloaderCabby
2024-11-16 10:37:09,022 [root] DEBUG: 	 |-- GuLoaderAPIs
2024-11-16 10:37:09,022 [root] DEBUG: 	 |-- PhorpiexMutexes
2024-11-16 10:37:09,022 [root] DEBUG: 	 |-- ProtonBotMutexes
2024-11-16 10:37:09,022 [root] DEBUG: 	 |-- DriverFilterManager
2024-11-16 10:37:09,022 [root] DEBUG: 	 |-- DriverLoad
2024-11-16 10:37:09,022 [root] DEBUG: 	 |-- Dropper
2024-11-16 10:37:09,022 [root] DEBUG: 	 |-- EXEDropper_JS
2024-11-16 10:37:09,022 [root] DEBUG: 	 |-- dynamic_function_loading
2024-11-16 10:37:09,022 [root] DEBUG: 	 |-- DLLArchiveExecution
2024-11-16 10:37:09,022 [root] DEBUG: 	 |-- LNKArchiveExecution
2024-11-16 10:37:09,022 [root] DEBUG: 	 |-- ScriptArchiveExecution
2024-11-16 10:37:09,023 [root] DEBUG: 	 |-- EncryptedIOC
2024-11-16 10:37:09,023 [root] DEBUG: 	 |-- Excel4MacroUrls
2024-11-16 10:37:09,023 [root] DEBUG: 	 |-- Crash
2024-11-16 10:37:09,023 [root] DEBUG: 	 |-- ProcessCreationSuspiciousLocation
2024-11-16 10:37:09,023 [root] DEBUG: 	 |-- exploit_getbasekerneladdress
2024-11-16 10:37:09,023 [root] DEBUG: 	 |-- exploit_gethaldispatchtable
2024-11-16 10:37:09,023 [root] DEBUG: 	 |-- ExploitHeapspray
2024-11-16 10:37:09,023 [root] DEBUG: 	 |-- EscalatePrivilegeViaNTLMRelay
2024-11-16 10:37:09,023 [root] DEBUG: 	 |-- SpoolerAccess
2024-11-16 10:37:09,023 [root] DEBUG: 	 |-- SpoolerSvcStart
2024-11-16 10:37:09,023 [root] DEBUG: 	 |-- KoadicAPIs
2024-11-16 10:37:09,023 [root] DEBUG: 	 |-- KoadicNetworkActivity
2024-11-16 10:37:09,023 [root] DEBUG: 	 |-- Modiloader_APIs
2024-11-16 10:37:09,023 [root] DEBUG: 	 |-- MappedDrivesUAC
2024-11-16 10:37:09,024 [root] DEBUG: 	 |-- SystemMetrics
2024-11-16 10:37:09,024 [root] DEBUG: 	 |-- Generic_Phish
2024-11-16 10:37:09,024 [root] DEBUG: 	 |-- HidesRecycleBinIcon
2024-11-16 10:37:09,024 [root] DEBUG: 	 |-- HTTP_Request
2024-11-16 10:37:09,024 [root] DEBUG: 	 |-- ApocalypseStealerFileBehavior
2024-11-16 10:37:09,024 [root] DEBUG: 	 |-- ArkeiFiles
2024-11-16 10:37:09,024 [root] DEBUG: 	 |-- AzorultMutexes
2024-11-16 10:37:09,024 [root] DEBUG: 	 |-- BitcoinWallet
2024-11-16 10:37:09,024 [root] DEBUG: 	 |-- BrowserStealer
2024-11-16 10:37:09,024 [root] DEBUG: 	 |-- InfostealerBrowserPassword
2024-11-16 10:37:09,024 [root] DEBUG: 	 |-- CookiesStealer
2024-11-16 10:37:09,024 [root] DEBUG: 	 |-- CryptBotFiles
2024-11-16 10:37:09,024 [root] DEBUG: 	 |-- CryptBotNetwork
2024-11-16 10:37:09,025 [root] DEBUG: 	 |-- EchelonFiles
2024-11-16 10:37:09,025 [root] DEBUG: 	 |-- FTPStealer
2024-11-16 10:37:09,025 [root] DEBUG: 	 |-- IMStealer
2024-11-16 10:37:09,025 [root] DEBUG: 	 |-- KeyLogger
2024-11-16 10:37:09,025 [root] DEBUG: 	 |-- EmailStealer
2024-11-16 10:37:09,025 [root] DEBUG: 	 |-- MassLoggerArtifacts
2024-11-16 10:37:09,025 [root] DEBUG: 	 |-- MassLoggerFiles
2024-11-16 10:37:09,025 [root] DEBUG: 	 |-- MassLoggerVersion
2024-11-16 10:37:09,025 [root] DEBUG: 	 |-- PoullightFiles
2024-11-16 10:37:09,025 [root] DEBUG: 	 |-- PurpleWaveMutexes
2024-11-16 10:37:09,025 [root] DEBUG: 	 |-- PurpleWaveNetworkAcivity
2024-11-16 10:37:09,025 [root] DEBUG: 	 |-- QuilClipperMutexes
2024-11-16 10:37:09,025 [root] DEBUG: 	 |-- QuilClipperNetworkBehavior
2024-11-16 10:37:09,026 [root] DEBUG: 	 |-- QulabFiles
2024-11-16 10:37:09,026 [root] DEBUG: 	 |-- QulabMutexes
2024-11-16 10:37:09,026 [root] DEBUG: 	 |-- RaccoonInfoStealerMutex
2024-11-16 10:37:09,026 [root] DEBUG: 	 |-- raccoon
2024-11-16 10:37:09,026 [root] DEBUG: 	 |-- CapturesScreenshot
2024-11-16 10:37:09,026 [root] DEBUG: 	 |-- vidar
2024-11-16 10:37:09,026 [root] DEBUG: 	 |-- InjectionCRT
2024-11-16 10:37:09,026 [root] DEBUG: 	 |-- InjectionExplorer
2024-11-16 10:37:09,026 [root] DEBUG: 	 |-- InjectionExtension
2024-11-16 10:37:09,026 [root] DEBUG: 	 |-- InjectionNetworkTraffic
2024-11-16 10:37:09,026 [root] DEBUG: 	 |-- InjectionRUNPE
2024-11-16 10:37:09,026 [root] DEBUG: 	 |-- InjectionRWX
2024-11-16 10:37:09,026 [root] DEBUG: 	 |-- injection_themeinitapihook
2024-11-16 10:37:09,026 [root] DEBUG: 	 |-- ThreadManipulationRemoteProcess
2024-11-16 10:37:09,027 [root] DEBUG: 	 |-- Internet_Dropper
2024-11-16 10:37:09,027 [root] DEBUG: 	 |-- EscalatePrivilegeViaNamedPipe
2024-11-16 10:37:09,027 [root] DEBUG: 	 |-- IPC_NamedPipe
2024-11-16 10:37:09,027 [root] DEBUG: 	 |-- JS_Phish
2024-11-16 10:37:09,027 [root] DEBUG: 	 |-- JS_SuspiciousRedirect
2024-11-16 10:37:09,027 [root] DEBUG: 	 |-- LOLBAS_EvadeExecutionViaASPNetCompiler
2024-11-16 10:37:09,027 [root] DEBUG: 	 |-- LOLBAS_EvadeExecutionViaDeviceCredentialDeployment
2024-11-16 10:37:09,027 [root] DEBUG: 	 |-- LOLBAS_EvadeExecutionViaFilterManagerControl
2024-11-16 10:37:09,027 [root] DEBUG: 	 |-- LOLBAS_EvadeExecutionViaIntelGFXDownloadWrapper
2024-11-16 10:37:09,027 [root] DEBUG: 	 |-- LOLBAS_ExecuteBinaryViaAppVLP
2024-11-16 10:37:09,027 [root] DEBUG: 	 |-- LOLBAS_ExecuteBinaryViaCDB
2024-11-16 10:37:09,027 [root] DEBUG: 	 |-- LOLBAS_ExecuteBinaryViaInternetExplorerExporter
2024-11-16 10:37:09,027 [root] DEBUG: 	 |-- LOLBAS_ExecuteBinaryViaOpenSSH
2024-11-16 10:37:09,027 [root] DEBUG: 	 |-- LOLBAS_ExecuteBinaryViaPcalua
2024-11-16 10:37:09,027 [root] DEBUG: 	 |-- LOLBAS_ExecuteBinaryViaPesterPSModule
2024-11-16 10:37:09,028 [root] DEBUG: 	 |-- LOLBAS_ExecuteBinaryViaRunExeHelperUtility
2024-11-16 10:37:09,028 [root] DEBUG: 	 |-- LOLBAS_ExecuteBinaryViaScriptRunner
2024-11-16 10:37:09,028 [root] DEBUG: 	 |-- LOLBAS_ExecuteBinaryViaTTDinject
2024-11-16 10:37:09,028 [root] DEBUG: 	 |-- LOLBAS_ExecuteBinaryVisualStudioLiveShare
2024-11-16 10:37:09,028 [root] DEBUG: 	 |-- LOLBAS_ExecuteMsiexecViaExplorer
2024-11-16 10:37:09,028 [root] DEBUG: 	 |-- LOLBAS_ExecuteSuspiciousPowerShellViaRunscripthelper
2024-11-16 10:37:09,028 [root] DEBUG: 	 |-- LOLBAS_ExecuteSuspiciousPowerShellViaSQLPS
2024-11-16 10:37:09,028 [root] DEBUG: 	 |-- LOLBAS_IndirectCommandExecutionViaConsoleWindowHost
2024-11-16 10:37:09,028 [root] DEBUG: 	 |-- LOLBAS_PerformMaliciousActivitiesViaHeadlessBrowser
2024-11-16 10:37:09,028 [root] DEBUG: 	 |-- LOLBAS_RegisterDLLViaCertOC
2024-11-16 10:37:09,028 [root] DEBUG: 	 |-- LOLBAS_RegisterDLLViaMSIEXEC
2024-11-16 10:37:09,028 [root] DEBUG: 	 |-- LOLBAS_RegisterDLLViaOdbcconf
2024-11-16 10:37:09,028 [root] DEBUG: 	 |-- LOLBAS_ScriptletProxyExecutionViaPubprn
2024-11-16 10:37:09,029 [root] DEBUG: 	 |-- malicious_dynamic_function_loading
2024-11-16 10:37:09,029 [root] DEBUG: 	 |-- EncryptPCInfo
2024-11-16 10:37:09,029 [root] DEBUG: 	 |-- EnryptDataAgentTeslaHTTP
2024-11-16 10:37:09,029 [root] DEBUG: 	 |-- EnryptDataAgentTeslaHTTPT2
2024-11-16 10:37:09,029 [root] DEBUG: 	 |-- EnryptDataNanoCore
2024-11-16 10:37:09,029 [root] DEBUG: 	 |-- MartiansIE
2024-11-16 10:37:09,029 [root] DEBUG: 	 |-- MartiansOffice
2024-11-16 10:37:09,029 [root] DEBUG: 	 |-- MimicsAgent
2024-11-16 10:37:09,029 [root] DEBUG: 	 |-- MimicsFiletime
2024-11-16 10:37:09,029 [root] DEBUG: 	 |-- MimicsIcon
2024-11-16 10:37:09,029 [root] DEBUG: 	 |-- MasqueradesProcessName
2024-11-16 10:37:09,029 [root] DEBUG: 	 |-- MimikatzModules
2024-11-16 10:37:09,029 [root] DEBUG: 	 |-- QuilMinerNetworkBehavior
2024-11-16 10:37:09,029 [root] DEBUG: 	 |-- AMSIBypassViaCOMRegistry
2024-11-16 10:37:09,030 [root] DEBUG: 	 |-- DLLHijackingViaWaaSMedicSvcCOMTypeLib
2024-11-16 10:37:09,030 [root] DEBUG: 	 |-- ExecutionFromSelfExtractingArchive
2024-11-16 10:37:09,030 [root] DEBUG: 	 |-- LoadDLLViaControlPanel
2024-11-16 10:37:09,030 [root] DEBUG: 	 |-- PotentialLocationDiscoveryViaUnusualProcess
2024-11-16 10:37:09,030 [root] DEBUG: 	 |-- PotentialProtocolTunnelingViaLegitUtilities
2024-11-16 10:37:09,030 [root] DEBUG: 	 |-- PotentialProtocolTunnelingViaQEMU
2024-11-16 10:37:09,030 [root] DEBUG: 	 |-- SuspiciousExecutionViaMicrosoftExchangeTransportAgent
2024-11-16 10:37:09,030 [root] DEBUG: 	 |-- SuspiciousJavaExecutionViaWinScripts
2024-11-16 10:37:09,030 [root] DEBUG: 	 |-- SuspiciousScheduledTaskCreationviaMasqueradedXMLFile
2024-11-16 10:37:09,030 [root] DEBUG: 	 |-- ModifiesCerts
2024-11-16 10:37:09,030 [root] DEBUG: 	 |-- DotNetCLRUsageLogKnob
2024-11-16 10:37:09,030 [root] DEBUG: 	 |-- Modifies_HostFile
2024-11-16 10:37:09,030 [root] DEBUG: 	 |-- ModifiesOEMInformation
2024-11-16 10:37:09,031 [root] DEBUG: 	 |-- ModifySecurityCenterWarnings
2024-11-16 10:37:09,031 [root] DEBUG: 	 |-- ModifiesUACNotify
2024-11-16 10:37:09,031 [root] DEBUG: 	 |-- ModifiesDesktopWallpaper
2024-11-16 10:37:09,031 [root] DEBUG: 	 |-- ZoneID
2024-11-16 10:37:09,031 [root] DEBUG: 	 |-- move_file_on_reboot
2024-11-16 10:37:09,031 [root] DEBUG: 	 |-- Multiple_UA
2024-11-16 10:37:09,031 [root] DEBUG: 	 |-- NetworkAnomaly
2024-11-16 10:37:09,031 [root] DEBUG: 	 |-- NetworkBIND
2024-11-16 10:37:09,031 [root] DEBUG: 	 |-- NetworkCnCHTTPSArchive
2024-11-16 10:37:09,031 [root] DEBUG: 	 |-- NetworkCnCHTTPSFreeWebHosting
2024-11-16 10:37:09,031 [root] DEBUG: 	 |-- NetworkCnCHTTPSGeneric
2024-11-16 10:37:09,031 [root] DEBUG: 	 |-- NetworkCnCHTTPSInteractsh
2024-11-16 10:37:09,031 [root] DEBUG: 	 |-- NetworkCnCHTTPSOpenSource
2024-11-16 10:37:09,032 [root] DEBUG: 	 |-- NetworkCnCHTTPSPasteSite
2024-11-16 10:37:09,032 [root] DEBUG: 	 |-- NetworkCnCHTTPSPayload
2024-11-16 10:37:09,032 [root] DEBUG: 	 |-- NetworkCnCHTTPSServiceInterface
2024-11-16 10:37:09,032 [root] DEBUG: 	 |-- NetworkCnCHTTPSSocialMedia
2024-11-16 10:37:09,032 [root] DEBUG: 	 |-- NetworkCnCHTTPSTelegram
2024-11-16 10:37:09,032 [root] DEBUG: 	 |-- NetworkCnCHTTPSTempStorageSite
2024-11-16 10:37:09,032 [root] DEBUG: 	 |-- NetworkCnCHTTPSTempURLDNS
2024-11-16 10:37:09,032 [root] DEBUG: 	 |-- NetworkCnCHTTPSURLShortenerSite
2024-11-16 10:37:09,032 [root] DEBUG: 	 |-- NetworkCnCHTTPSUserAgent
2024-11-16 10:37:09,032 [root] DEBUG: 	 |-- NetworkCnCSMTPSExfil
2024-11-16 10:37:09,032 [root] DEBUG: 	 |-- NetworkCnCSMTPSGeneric
2024-11-16 10:37:09,032 [root] DEBUG: 	 |-- NetworkDNSBlockChain
2024-11-16 10:37:09,033 [root] DEBUG: 	 |-- NetworkDNSIDN
2024-11-16 10:37:09,033 [root] DEBUG: 	 |-- NetworkDNSOpenNIC
2024-11-16 10:37:09,033 [root] DEBUG: 	 |-- NetworkDNSPasteSite
2024-11-16 10:37:09,033 [root] DEBUG: 	 |-- NetworkDNSReverseProxy
2024-11-16 10:37:09,033 [root] DEBUG: 	 |-- NetworkDNSSuspiciousQueryType
2024-11-16 10:37:09,033 [root] DEBUG: 	 |-- NetworkDNSTempFileService
2024-11-16 10:37:09,033 [root] DEBUG: 	 |-- NetworkDNSTempURLDNS
2024-11-16 10:37:09,033 [root] DEBUG: 	 |-- NetworkDNSTunnelingRequest
2024-11-16 10:37:09,033 [root] DEBUG: 	 |-- NetworkDNSURLShortener
2024-11-16 10:37:09,033 [root] DEBUG: 	 |-- NetworkDOHTLS
2024-11-16 10:37:09,033 [root] DEBUG: 	 |-- Suspicious_TLD
2024-11-16 10:37:09,033 [root] DEBUG: 	 |-- NetworkDocumentHTTP
2024-11-16 10:37:09,033 [root] DEBUG: 	 |-- ExplorerHTTP
2024-11-16 10:37:09,033 [root] DEBUG: 	 |-- NetworkFakeUserAgent
2024-11-16 10:37:09,033 [root] DEBUG: 	 |-- LegitDomainAbuse
2024-11-16 10:37:09,034 [root] DEBUG: 	 |-- NetworkDocumentFile
2024-11-16 10:37:09,034 [root] DEBUG: 	 |-- NetworkEXE
2024-11-16 10:37:09,034 [root] DEBUG: 	 |-- Tor
2024-11-16 10:37:09,034 [root] DEBUG: 	 |-- TorHiddenService
2024-11-16 10:37:09,034 [root] DEBUG: 	 |-- Office_Code_Page
2024-11-16 10:37:09,034 [root] DEBUG: 	 |-- OfficeAddinLoading
2024-11-16 10:37:09,034 [root] DEBUG: 	 |-- OfficeCOMLoad
2024-11-16 10:37:09,034 [root] DEBUG: 	 |-- OfficeDotNetLoad
2024-11-16 10:37:09,034 [root] DEBUG: 	 |-- OfficeMSHTMLLoad
2024-11-16 10:37:09,034 [root] DEBUG: 	 |-- OfficePerfKey
2024-11-16 10:37:09,034 [root] DEBUG: 	 |-- OfficeVBLLoad
2024-11-16 10:37:09,034 [root] DEBUG: 	 |-- OfficeWMILoad
2024-11-16 10:37:09,035 [root] DEBUG: 	 |-- OfficeCVE201711882
2024-11-16 10:37:09,035 [root] DEBUG: 	 |-- OfficeCVE201711882Network
2024-11-16 10:37:09,035 [root] DEBUG: 	 |-- OfficeCVE202140444
2024-11-16 10:37:09,035 [root] DEBUG: 	 |-- OfficeCVE202140444M2
2024-11-16 10:37:09,035 [root] DEBUG: 	 |-- OfficeFlashLoad
2024-11-16 10:37:09,035 [root] DEBUG: 	 |-- OfficePostScript
2024-11-16 10:37:09,035 [root] DEBUG: 	 |-- Office_Macro
2024-11-16 10:37:09,035 [root] DEBUG: 	 |-- ChangesTrustCenter_settings
2024-11-16 10:37:09,035 [root] DEBUG: 	 |-- DisablesVBATrustAccess
2024-11-16 10:37:09,035 [root] DEBUG: 	 |-- OfficeMacroAutoExecution
2024-11-16 10:37:09,035 [root] DEBUG: 	 |-- OfficeMacroIOC
2024-11-16 10:37:09,035 [root] DEBUG: 	 |-- OfficeMacroMaliciousPredition
2024-11-16 10:37:09,035 [root] DEBUG: 	 |-- OfficeMacroSuspicious
2024-11-16 10:37:09,036 [root] DEBUG: 	 |-- RTFASLRBypass
2024-11-16 10:37:09,036 [root] DEBUG: 	 |-- RTFAnomalyCharacterSet
2024-11-16 10:37:09,036 [root] DEBUG: 	 |-- RTFAnomalyVersion
2024-11-16 10:37:09,036 [root] DEBUG: 	 |-- RTFEmbeddedContent
2024-11-16 10:37:09,036 [root] DEBUG: 	 |-- RTFEmbeddedOfficeFile
2024-11-16 10:37:09,036 [root] DEBUG: 	 |-- RTFExploitStatic
2024-11-16 10:37:09,036 [root] DEBUG: 	 |-- OfficeSecurity
2024-11-16 10:37:09,036 [root] DEBUG: 	 |-- OfficeAnamalousFeature
2024-11-16 10:37:09,036 [root] DEBUG: 	 |-- OfficeDDECommand
2024-11-16 10:37:09,036 [root] DEBUG: 	 |-- OfficeSuspiciousProcesses
2024-11-16 10:37:09,036 [root] DEBUG: 	 |-- OfficeWriteEXE
2024-11-16 10:37:09,036 [root] DEBUG: 	 |-- ArmadilloMutex
2024-11-16 10:37:09,036 [root] DEBUG: 	 |-- ArmadilloRegKey
2024-11-16 10:37:09,037 [root] DEBUG: 	 |-- ADS
2024-11-16 10:37:09,037 [root] DEBUG: 	 |-- Autorun
2024-11-16 10:37:09,037 [root] DEBUG: 	 |-- Autorun_scheduler
2024-11-16 10:37:09,037 [root] DEBUG: 	 |-- PersistenceSafeBoot
2024-11-16 10:37:09,037 [root] DEBUG: 	 |-- PersistenceBootexecute
2024-11-16 10:37:09,037 [root] DEBUG: 	 |-- PersistenceRegistryScript
2024-11-16 10:37:09,037 [root] DEBUG: 	 |-- PersistenceIFEO
2024-11-16 10:37:09,037 [root] DEBUG: 	 |-- PersistenceSilentProcessExit
2024-11-16 10:37:09,037 [root] DEBUG: 	 |-- PersistenceRDPRegistry
2024-11-16 10:37:09,037 [root] DEBUG: 	 |-- PersistenceRDPShadowing
2024-11-16 10:37:09,037 [root] DEBUG: 	 |-- PersistenceService
2024-11-16 10:37:09,037 [root] DEBUG: 	 |-- PersistenceShimDatabase
2024-11-16 10:37:09,037 [root] DEBUG: 	 |-- PowerpoolMutexes
2024-11-16 10:37:09,037 [root] DEBUG: 	 |-- PowerShellNetworkConnection
2024-11-16 10:37:09,038 [root] DEBUG: 	 |-- PowerShellScriptBlockLogging
2024-11-16 10:37:09,038 [root] DEBUG: 	 |-- PowershellCommandSuspicious
2024-11-16 10:37:09,038 [root] DEBUG: 	 |-- PowershellDownload
2024-11-16 10:37:09,038 [root] DEBUG: 	 |-- PowershellRenamed
2024-11-16 10:37:09,038 [root] DEBUG: 	 |-- PowershellRequest
2024-11-16 10:37:09,038 [root] DEBUG: 	 |-- PowershellReversed
2024-11-16 10:37:09,038 [root] DEBUG: 	 |-- PowershellVariableObfuscation
2024-11-16 10:37:09,038 [root] DEBUG: 	 |-- PreventsSafeboot
2024-11-16 10:37:09,038 [root] DEBUG: 	 |-- CmdlineProcessDiscovery
2024-11-16 10:37:09,038 [root] DEBUG: 	 |-- CreateToolhelp32SnapshotProcessModuleEnumeration
2024-11-16 10:37:09,038 [root] DEBUG: 	 |-- EnumeratesRunningProcesses
2024-11-16 10:37:09,038 [root] DEBUG: 	 |-- ProcessInterest
2024-11-16 10:37:09,039 [root] DEBUG: 	 |-- ProcessNeeded
2024-11-16 10:37:09,039 [root] DEBUG: 	 |-- MassDataEncryption
2024-11-16 10:37:09,039 [root] DEBUG: 	 |-- CryptoMixMutexes
2024-11-16 10:37:09,039 [root] DEBUG: 	 |-- DharmaMutexes
2024-11-16 10:37:09,039 [root] DEBUG: 	 |-- RansomwareDMALocker
2024-11-16 10:37:09,039 [root] DEBUG: 	 |-- RansomwareExtensions
2024-11-16 10:37:09,039 [root] DEBUG: 	 |-- RansomwareFileModifications
2024-11-16 10:37:09,039 [root] DEBUG: 	 |-- RansomwareFiles
2024-11-16 10:37:09,039 [root] DEBUG: 	 |-- FonixMutexes
2024-11-16 10:37:09,039 [root] DEBUG: 	 |-- GandCrabMutexes
2024-11-16 10:37:09,039 [root] DEBUG: 	 |-- GermanWiperMutexes
2024-11-16 10:37:09,039 [root] DEBUG: 	 |-- MedusaLockerMutexes
2024-11-16 10:37:09,039 [root] DEBUG: 	 |-- MedusaLockerRegkeys
2024-11-16 10:37:09,040 [root] DEBUG: 	 |-- RansomwareMessage
2024-11-16 10:37:09,040 [root] DEBUG: 	 |-- NemtyMutexes
2024-11-16 10:37:09,040 [root] DEBUG: 	 |-- NemtyNetworkActivity
2024-11-16 10:37:09,040 [root] DEBUG: 	 |-- NemtyNote
2024-11-16 10:37:09,040 [root] DEBUG: 	 |-- NemtyRegkeys
2024-11-16 10:37:09,040 [root] DEBUG: 	 |-- PYSAMutexes
2024-11-16 10:37:09,040 [root] DEBUG: 	 |-- RansomwareRadamant
2024-11-16 10:37:09,040 [root] DEBUG: 	 |-- RansomwareRecyclebin
2024-11-16 10:37:09,040 [root] DEBUG: 	 |-- RevilMutexes
2024-11-16 10:37:09,040 [root] DEBUG: 	 |-- RevilRegkey
2024-11-16 10:37:09,040 [root] DEBUG: 	 |-- SatanMutexes
2024-11-16 10:37:09,040 [root] DEBUG: 	 |-- SnakeRansomMutexes
2024-11-16 10:37:09,040 [root] DEBUG: 	 |-- sodinokibi
2024-11-16 10:37:09,040 [root] DEBUG: 	 |-- StopRansomMutexes
2024-11-16 10:37:09,041 [root] DEBUG: 	 |-- StopRansomwareCMD
2024-11-16 10:37:09,041 [root] DEBUG: 	 |-- StopRansomwareRegistry
2024-11-16 10:37:09,041 [root] DEBUG: 	 |-- RansomwareSTOPDJVU
2024-11-16 10:37:09,041 [root] DEBUG: 	 |-- BeebusMutexes
2024-11-16 10:37:09,041 [root] DEBUG: 	 |-- BlackNETMutexes
2024-11-16 10:37:09,041 [root] DEBUG: 	 |-- BlackRATAPIs
2024-11-16 10:37:09,041 [root] DEBUG: 	 |-- BlackRATMutexes
2024-11-16 10:37:09,041 [root] DEBUG: 	 |-- BlackRATNetworkActivity
2024-11-16 10:37:09,041 [root] DEBUG: 	 |-- BlackRATRegistryKeys
2024-11-16 10:37:09,041 [root] DEBUG: 	 |-- CRATMutexes
2024-11-16 10:37:09,041 [root] DEBUG: 	 |-- DCRatAPIs
2024-11-16 10:37:09,041 [root] DEBUG: 	 |-- DCRatFiles
2024-11-16 10:37:09,041 [root] DEBUG: 	 |-- DCRatMutex
2024-11-16 10:37:09,042 [root] DEBUG: 	 |-- FynloskiMutexes
2024-11-16 10:37:09,042 [root] DEBUG: 	 |-- KaraganyEventObjects
2024-11-16 10:37:09,042 [root] DEBUG: 	 |-- KaraganyFiles
2024-11-16 10:37:09,042 [root] DEBUG: 	 |-- LimeRATMutexes
2024-11-16 10:37:09,042 [root] DEBUG: 	 |-- LimeRATRegkeys
2024-11-16 10:37:09,042 [root] DEBUG: 	 |-- LodaRATFileBehavior
2024-11-16 10:37:09,042 [root] DEBUG: 	 |-- LuminosityRAT
2024-11-16 10:37:09,042 [root] DEBUG: 	 |-- ModiRATBehavior
2024-11-16 10:37:09,042 [root] DEBUG: 	 |-- NanocoreRAT
2024-11-16 10:37:09,042 [root] DEBUG: 	 |-- netwire
2024-11-16 10:37:09,042 [root] DEBUG: 	 |-- NjratRegkeys
2024-11-16 10:37:09,042 [root] DEBUG: 	 |-- ObliquekRATFiles
2024-11-16 10:37:09,042 [root] DEBUG: 	 |-- ObliquekRATMutexes
2024-11-16 10:37:09,042 [root] DEBUG: 	 |-- ObliquekRATNetworkActivity
2024-11-16 10:37:09,042 [root] DEBUG: 	 |-- OrcusRAT
2024-11-16 10:37:09,043 [root] DEBUG: 	 |-- ParallaxMutexes
2024-11-16 10:37:09,043 [root] DEBUG: 	 |-- PcClientMutexes
2024-11-16 10:37:09,043 [root] DEBUG: 	 |-- PlugxMutexes
2024-11-16 10:37:09,043 [root] DEBUG: 	 |-- PoisonIvyMutexes
2024-11-16 10:37:09,043 [root] DEBUG: 	 |-- QuasarMutexes
2024-11-16 10:37:09,043 [root] DEBUG: 	 |-- RatsnifMutexes
2024-11-16 10:37:09,043 [root] DEBUG: 	 |-- SennaMutexes
2024-11-16 10:37:09,043 [root] DEBUG: 	 |-- SpynetRat
2024-11-16 10:37:09,043 [root] DEBUG: 	 |-- TrochilusRATAPIs
2024-11-16 10:37:09,043 [root] DEBUG: 	 |-- VenomRAT
2024-11-16 10:37:09,043 [root] DEBUG: 	 |-- WarzoneRATFiles
2024-11-16 10:37:09,043 [root] DEBUG: 	 |-- WarzoneRATRegkeys
2024-11-16 10:37:09,043 [root] DEBUG: 	 |-- XpertRATFiles
2024-11-16 10:37:09,043 [root] DEBUG: 	 |-- XpertRATMutexes
2024-11-16 10:37:09,044 [root] DEBUG: 	 |-- XtremeMutexes
2024-11-16 10:37:09,044 [root] DEBUG: 	 |-- ReadsSelf
2024-11-16 10:37:09,044 [root] DEBUG: 	 |-- Recon_Beacon
2024-11-16 10:37:09,044 [root] DEBUG: 	 |-- Fingerprint
2024-11-16 10:37:09,044 [root] DEBUG: 	 |-- InstalledApps
2024-11-16 10:37:09,044 [root] DEBUG: 	 |-- SystemInfo
2024-11-16 10:37:09,044 [root] DEBUG: 	 |-- Accesses_RecycleBin
2024-11-16 10:37:09,044 [root] DEBUG: 	 |-- RemcosFiles
2024-11-16 10:37:09,044 [root] DEBUG: 	 |-- RemcosMutexes
2024-11-16 10:37:09,044 [root] DEBUG: 	 |-- RemcosRegkeys
2024-11-16 10:37:09,044 [root] DEBUG: 	 |-- RDPTCPKey
2024-11-16 10:37:09,044 [root] DEBUG: 	 |-- UsesRDPClip
2024-11-16 10:37:09,045 [root] DEBUG: 	 |-- UsesRemoteDesktopSession
2024-11-16 10:37:09,045 [root] DEBUG: 	 |-- RemovesNetworkingIcon
2024-11-16 10:37:09,045 [root] DEBUG: 	 |-- RemovesPinnedPrograms
2024-11-16 10:37:09,045 [root] DEBUG: 	 |-- RemovesSecurityAndMaintenanceIcon
2024-11-16 10:37:09,045 [root] DEBUG: 	 |-- RemovesStartMenuDefaults
2024-11-16 10:37:09,045 [root] DEBUG: 	 |-- RemovesUsernameStartMenu
2024-11-16 10:37:09,045 [root] DEBUG: 	 |-- RemovesZoneIdADS
2024-11-16 10:37:09,045 [root] DEBUG: 	 |-- SpicyHotPotBehavior
2024-11-16 10:37:09,045 [root] DEBUG: 	 |-- ScriptCreatedProcess
2024-11-16 10:37:09,045 [root] DEBUG: 	 |-- ScriptNetworkActvity
2024-11-16 10:37:09,045 [root] DEBUG: 	 |-- SuspiciousJSScript
2024-11-16 10:37:09,045 [root] DEBUG: 	 |-- JavaScriptTimer
2024-11-16 10:37:09,045 [root] DEBUG: 	 |-- Secure_Login_Phish
2024-11-16 10:37:09,046 [root] DEBUG: 	 |-- SecurityXploded_Modules
2024-11-16 10:37:09,046 [root] DEBUG: 	 |-- GetClipboardData
2024-11-16 10:37:09,046 [root] DEBUG: 	 |-- SetsAutoconfigURL
2024-11-16 10:37:09,046 [root] DEBUG: 	 |-- InstallsWinpcap
2024-11-16 10:37:09,046 [root] DEBUG: 	 |-- SpoofsProcname
2024-11-16 10:37:09,046 [root] DEBUG: 	 |-- CreatesAutorunInf
2024-11-16 10:37:09,046 [root] DEBUG: 	 |-- StackPivot
2024-11-16 10:37:09,046 [root] DEBUG: 	 |-- StackPivotFileCreated
2024-11-16 10:37:09,046 [root] DEBUG: 	 |-- StackPivotProcessCreate
2024-11-16 10:37:09,046 [root] DEBUG: 	 |-- StealingClipboardData
2024-11-16 10:37:09,046 [root] DEBUG: 	 |-- StealthChildProc
2024-11-16 10:37:09,046 [root] DEBUG: 	 |-- StealthFile
2024-11-16 10:37:09,046 [root] DEBUG: 	 |-- StealthHiddenExtension
2024-11-16 10:37:09,047 [root] DEBUG: 	 |-- StealthHiddenReg
2024-11-16 10:37:09,047 [root] DEBUG: 	 |-- StealthHideNotifications
2024-11-16 10:37:09,047 [root] DEBUG: 	 |-- StealthSystemProcName
2024-11-16 10:37:09,047 [root] DEBUG: 	 |-- StealthTimeout
2024-11-16 10:37:09,047 [root] DEBUG: 	 |-- StealthWebHistory
2024-11-16 10:37:09,047 [root] DEBUG: 	 |-- Hidden_Window
2024-11-16 10:37:09,047 [root] DEBUG: 	 |-- sysinternals_psexec
2024-11-16 10:37:09,047 [root] DEBUG: 	 |-- sysinternals_tools
2024-11-16 10:37:09,047 [root] DEBUG: 	 |-- QueriesKeyboardLayout
2024-11-16 10:37:09,047 [root] DEBUG: 	 |-- TampersETW
2024-11-16 10:37:09,047 [root] DEBUG: 	 |-- LSATampering
2024-11-16 10:37:09,047 [root] DEBUG: 	 |-- TampersPowerShellLogging
2024-11-16 10:37:09,047 [root] DEBUG: 	 |-- Flame
2024-11-16 10:37:09,047 [root] DEBUG: 	 |-- TerminatesRemoteProcess
2024-11-16 10:37:09,048 [root] DEBUG: 	 |-- TerritorialDisputeSIGs
2024-11-16 10:37:09,048 [root] DEBUG: 	 |-- TrickBotTaskDelete
2024-11-16 10:37:09,048 [root] DEBUG: 	 |-- TrickBotMutexes
2024-11-16 10:37:09,048 [root] DEBUG: 	 |-- FleerCivetMutexes
2024-11-16 10:37:09,048 [root] DEBUG: 	 |-- LokibotMutexes
2024-11-16 10:37:09,048 [root] DEBUG: 	 |-- UrsnifBehavior
2024-11-16 10:37:09,048 [root] DEBUG: 	 |-- UpatreFiles
2024-11-16 10:37:09,048 [root] DEBUG: 	 |-- UpatreMutexes
2024-11-16 10:37:09,048 [root] DEBUG: 	 |-- UserEnum
2024-11-16 10:37:09,048 [root] DEBUG: 	 |-- ADFind
2024-11-16 10:37:09,048 [root] DEBUG: 	 |-- UsesMSProtocol
2024-11-16 10:37:09,048 [root] DEBUG: 	 |-- Virus
2024-11-16 10:37:09,049 [root] DEBUG: 	 |-- NeshtaFiles
2024-11-16 10:37:09,049 [root] DEBUG: 	 |-- NeshtaMutexes
2024-11-16 10:37:09,049 [root] DEBUG: 	 |-- NeshtaRegKeys
2024-11-16 10:37:09,049 [root] DEBUG: 	 |-- RenamerMutexes
2024-11-16 10:37:09,049 [root] DEBUG: 	 |-- Webmail_Phish
2024-11-16 10:37:09,049 [root] DEBUG: 	 |-- OWAWebShellFiles
2024-11-16 10:37:09,049 [root] DEBUG: 	 |-- WebShellFiles
2024-11-16 10:37:09,049 [root] DEBUG: 	 |-- WebShellProcesses
2024-11-16 10:37:09,049 [root] DEBUG: 	 |-- PersistsDotNetDevUtility
2024-11-16 10:37:09,049 [root] DEBUG: 	 |-- SpwansDotNetDevUtiliy
2024-11-16 10:37:09,049 [root] DEBUG: 	 |-- AltersWindowsUtility
2024-11-16 10:37:09,049 [root] DEBUG: 	 |-- DotNETCSCBuild
2024-11-16 10:37:09,049 [root] DEBUG: 	 |-- MultipleExplorerInstances
2024-11-16 10:37:09,049 [root] DEBUG: 	 |-- OverwritesAccessibilityUtility
2024-11-16 10:37:09,050 [root] DEBUG: 	 |-- PotentialLateralMovementViaSMBEXEC
2024-11-16 10:37:09,050 [root] DEBUG: 	 |-- PotentialWebShellViaScreenConnectServer
2024-11-16 10:37:09,050 [root] DEBUG: 	 |-- ScriptToolExecuted
2024-11-16 10:37:09,050 [root] DEBUG: 	 |-- SuspiciousCertutilUse
2024-11-16 10:37:09,050 [root] DEBUG: 	 |-- SuspiciousCommandTools
2024-11-16 10:37:09,050 [root] DEBUG: 	 |-- SuspiciousMpCmdRunUse
2024-11-16 10:37:09,050 [root] DEBUG: 	 |-- SuspiciousPingUse
2024-11-16 10:37:09,050 [root] DEBUG: 	 |-- UsesMicrosoftHTMLHelpExecutable
2024-11-16 10:37:09,050 [root] DEBUG: 	 |-- UsesPowerShellCopyItem
2024-11-16 10:37:09,050 [root] DEBUG: 	 |-- UsesWindowsUtilities
2024-11-16 10:37:09,050 [root] DEBUG: 	 |-- UsesWindowsUtilitiesAppCmd
2024-11-16 10:37:09,050 [root] DEBUG: 	 |-- UsesWindowsUtilitiesCSVDELDFIDE
2024-11-16 10:37:09,051 [root] DEBUG: 	 |-- UsesWindowsUtilitiesCipher
2024-11-16 10:37:09,051 [root] DEBUG: 	 |-- UsesWindowsUtilitiesClickOnce
2024-11-16 10:37:09,051 [root] DEBUG: 	 |-- UsesWindowsUtilitiesCurl
2024-11-16 10:37:09,051 [root] DEBUG: 	 |-- UsesWindowsUtilitiesDSQuery
2024-11-16 10:37:09,051 [root] DEBUG: 	 |-- UsesWindowsUtilitiesEsentutl
2024-11-16 10:37:09,051 [root] DEBUG: 	 |-- UsesWindowsUtilitiesFinger
2024-11-16 10:37:09,051 [root] DEBUG: 	 |-- UsesWindowsUtilitiesMode
2024-11-16 10:37:09,051 [root] DEBUG: 	 |-- UsesWindowsUtilitiesNTDSutil
2024-11-16 10:37:09,051 [root] DEBUG: 	 |-- UsesWindowsUtilitiesNltest
2024-11-16 10:37:09,051 [root] DEBUG: 	 |-- UsesWindowsUtilitiesScheduler
2024-11-16 10:37:09,051 [root] DEBUG: 	 |-- UsesWindowsUtilitiesXcopy
2024-11-16 10:37:09,051 [root] DEBUG: 	 |-- WMICCommandSuspicious
2024-11-16 10:37:09,051 [root] DEBUG: 	 |-- WiperZeroedBytes
2024-11-16 10:37:09,051 [root] DEBUG: 	 |-- ScrconsWMIScriptConsumer
2024-11-16 10:37:09,052 [root] DEBUG: 	 |-- WMICreateProcess
2024-11-16 10:37:09,052 [root] DEBUG: 	 |-- WMIScriptProcess
2024-11-16 10:37:09,052 [root] DEBUG: 	 |-- Win32ProcessCreate
2024-11-16 10:37:09,052 [root] DEBUG: 	 |-- AllapleMutexes
2024-11-16 10:37:09,052 [root] DEBUG: 	 |-- LinuxDeletesFiles
2024-11-16 10:37:09,052 [root] DEBUG: 	 |-- LinuxDropsFiles
2024-11-16 10:37:09,052 [root] DEBUG: 	 |-- LinuxReadsFiles
2024-11-16 10:37:09,052 [root] DEBUG: 	 `-- LinuxWritesFiles
2024-11-16 10:37:09,052 [root] DEBUG: Imported "reporting" modules:
2024-11-16 10:37:09,052 [root] DEBUG: 	 |-- BinGraph
2024-11-16 10:37:09,052 [root] DEBUG: 	 |-- CAPASummary
2024-11-16 10:37:09,052 [root] DEBUG: 	 |-- JsonDump
2024-11-16 10:37:09,052 [root] DEBUG: 	 |-- MITRE_TTPS
2024-11-16 10:37:09,052 [root] DEBUG: 	 |-- MongoDB
2024-11-16 10:37:09,052 [root] DEBUG: 	 |-- PCAP2CERT
2024-11-16 10:37:09,053 [root] DEBUG: 	 |-- ReportHTML
2024-11-16 10:37:09,053 [root] DEBUG: 	 |-- ReportHTMLSummary
2024-11-16 10:37:09,053 [root] DEBUG: 	 `-- ReportPDF
2024-11-16 10:37:09,053 [root] DEBUG: Imported "feeds" modules:
2024-11-16 10:37:09,053 [root] DEBUG: 	 `-- AbuseCH_SSL
2024-11-16 10:37:09,053 [root] DEBUG: Imported "machinery" modules:
2024-11-16 10:37:09,053 [root] DEBUG: 	 `-- KVM
2024-11-16 10:37:09,053 [root] DEBUG: Checking for locked tasks...
2024-11-16 10:37:09,080 [lib.cuckoo.core.machinery_manager] INFO: Using MachineryManager[kvm] with max_machines_count=10
2024-11-16 10:37:09,080 [lib.cuckoo.core.scheduler] INFO: Creating scheduler with max_analysis_count=unlimited
2024-11-16 10:37:09,103 [lib.cuckoo.common.abstracts] DEBUG: Getting status for win10-main-analysis-vm
2024-11-16 10:37:09,112 [lib.cuckoo.core.machinery_manager] INFO: Loaded 1 machine
2024-11-16 10:37:09,148 [lib.cuckoo.core.machinery_manager] INFO: max_vmstartup_count for BoundedSemaphore = 5
2024-11-16 10:37:09,151 [lib.cuckoo.core.scheduler] INFO: Waiting for analysis tasks
2024-11-16 10:37:27,279 [lib.cuckoo.core.machinery_manager] INFO: Task #2: found useable machine win10-main-analysis-vm (arch=x64, platform=windows)
2024-11-16 10:37:27,279 [lib.cuckoo.core.scheduler] INFO: Task #2: Processing task
2024-11-16 10:37:27,324 [lib.cuckoo.core.analysis_manager] INFO: Task #2: File already exists at '/opt/CAPEv2/storage/binaries/a9d6e224709d2d498c1b530444b1f4a895a27f6f287806c6227f18c76c1bb872'
2024-11-16 10:37:27,325 [lib.cuckoo.core.analysis_manager] INFO: Task #2: Starting analysis of FILE '/tmp/cuckoo-tmp/upload__r87ur6q/wmi-mal.exe'
2024-11-16 10:37:27,325 [lib.cuckoo.common.abstracts] DEBUG: Starting machine win10-main-analysis-vm
2024-11-16 10:37:27,331 [lib.cuckoo.common.abstracts] DEBUG: Getting status for win10-main-analysis-vm
2024-11-16 10:37:27,335 [lib.cuckoo.common.abstracts] DEBUG: Using snapshot snapshot2 for virtual machine win10-main-analysis-vm
2024-11-16 10:37:36,126 [lib.cuckoo.common.abstracts] DEBUG: Getting status for win10-main-analysis-vm
2024-11-16 10:37:36,152 [lib.cuckoo.core.resultserver] DEBUG: Task #2: The associated machine IP is 192.168.200.92
2024-11-16 10:37:36,190 [lib.cuckoo.core.analysis_manager] INFO: Task #2: Enabled route 'none'.
2024-11-16 10:37:36,192 [modules.auxiliary.Mitmdump] INFO: Mitmdump module loaded
2024-11-16 10:37:36,193 [modules.auxiliary.QemuScreenshots] INFO: QEMU screenshots module loaded
2024-11-16 10:37:36,232 [modules.auxiliary.sniffer] INFO: Started sniffer with PID 87092 (interface=virbr2, host=192.168.200.92, dump path=/opt/CAPEv2/storage/analyses/2/dump.pcap)
2024-11-16 10:37:36,232 [lib.cuckoo.core.plugins] DEBUG: Started auxiliary module: Sniffer
2024-11-16 10:37:36,247 [lib.cuckoo.common.objects] DEBUG: file type set using basic heuristics for: /tmp/cuckoo-tmp/upload__r87ur6q/wmi-mal.exe
2024-11-16 10:37:36,560 [lib.cuckoo.core.guest] INFO: Task #2: Starting analysis on guest (id=win10-main-analysis-vm, ip=192.168.200.92)
2024-11-16 10:37:37,208 [lib.cuckoo.core.guest] INFO: Task #2: Guest is running CAPE Agent 0.17 (id=win10-main-analysis-vm, ip=192.168.200.92)
2024-11-16 10:37:37,603 [lib.cuckoo.core.guest] DEBUG: Task #2: Uploading analyzer to guest (id=win10-main-analysis-vm, ip=192.168.200.92, size=17305655)
2024-11-16 10:37:45,992 [lib.cuckoo.core.guest] INFO: Task #2: Uploading script files to guest (id=win10-main-analysis-vm, ip=192.168.200.92)
2024-11-16 10:37:47,356 [lib.cuckoo.core.guest] INFO: Task #2: Started capturing screenshots for win10-main-analysis-vm
2024-11-16 10:37:48,186 [PIL.PngImagePlugin] DEBUG: STREAM b'IHDR' 16 13
2024-11-16 10:37:48,187 [PIL.PngImagePlugin] DEBUG: STREAM b'IDAT' 41 8192
2024-11-16 10:37:50,101 [PIL.PngImagePlugin] DEBUG: STREAM b'IHDR' 16 13
2024-11-16 10:37:50,101 [PIL.PngImagePlugin] DEBUG: STREAM b'IDAT' 41 8192
2024-11-16 10:37:51,658 [lib.cuckoo.core.resultserver] DEBUG: Task #2: live log analysis.log initialized
2024-11-16 10:37:52,323 [PIL.PngImagePlugin] DEBUG: STREAM b'IHDR' 16 13
2024-11-16 10:37:52,323 [PIL.PngImagePlugin] DEBUG: STREAM b'IDAT' 41 8192
2024-11-16 10:37:56,146 [PIL.PngImagePlugin] DEBUG: STREAM b'IHDR' 16 13
2024-11-16 10:37:56,146 [PIL.PngImagePlugin] DEBUG: STREAM b'IDAT' 41 8192
2024-11-16 10:38:01,009 [PIL.PngImagePlugin] DEBUG: STREAM b'IHDR' 16 13
2024-11-16 10:38:01,009 [PIL.PngImagePlugin] DEBUG: STREAM b'IDAT' 41 8192
2024-11-16 10:38:01,058 [lib.cuckoo.core.guest] DEBUG: Task #2: Analysis is still running (id=win10-main-analysis-vm, ip=192.168.200.92)
2024-11-16 10:38:06,070 [lib.cuckoo.core.guest] WARNING: Task #2: Virtual Machine win10-main-analysis-vm /status failed. This can indicate the guest losing network connectivity
2024-11-16 10:38:07,797 [PIL.PngImagePlugin] DEBUG: STREAM b'IHDR' 16 13
2024-11-16 10:38:07,798 [PIL.PngImagePlugin] DEBUG: STREAM b'IDAT' 41 8192
2024-11-16 10:38:13,346 [PIL.PngImagePlugin] DEBUG: STREAM b'IHDR' 16 13
2024-11-16 10:38:13,346 [PIL.PngImagePlugin] DEBUG: STREAM b'IDAT' 41 8192
2024-11-16 10:38:15,308 [PIL.PngImagePlugin] DEBUG: STREAM b'IHDR' 16 13
2024-11-16 10:38:15,308 [PIL.PngImagePlugin] DEBUG: STREAM b'IDAT' 41 8192
2024-11-16 10:38:17,171 [PIL.PngImagePlugin] DEBUG: STREAM b'IHDR' 16 13
2024-11-16 10:38:17,171 [PIL.PngImagePlugin] DEBUG: STREAM b'IDAT' 41 8192
2024-11-16 10:38:19,534 [PIL.PngImagePlugin] DEBUG: STREAM b'IHDR' 16 13
2024-11-16 10:38:19,535 [PIL.PngImagePlugin] DEBUG: STREAM b'IDAT' 41 8192
2024-11-16 10:38:19,581 [lib.cuckoo.core.guest] DEBUG: Task #2: Analysis is still running (id=win10-main-analysis-vm, ip=192.168.200.92)
2024-11-16 10:38:22,089 [PIL.PngImagePlugin] DEBUG: STREAM b'IHDR' 16 13
2024-11-16 10:38:22,089 [PIL.PngImagePlugin] DEBUG: STREAM b'IDAT' 41 8192
2024-11-16 10:38:28,820 [PIL.PngImagePlugin] DEBUG: STREAM b'IHDR' 16 13
2024-11-16 10:38:28,820 [PIL.PngImagePlugin] DEBUG: STREAM b'IDAT' 41 8192
2024-11-16 10:38:32,137 [PIL.PngImagePlugin] DEBUG: STREAM b'IHDR' 16 13
2024-11-16 10:38:32,137 [PIL.PngImagePlugin] DEBUG: STREAM b'IDAT' 41 8192
2024-11-16 10:38:34,061 [PIL.PngImagePlugin] DEBUG: STREAM b'IHDR' 16 13
2024-11-16 10:38:34,061 [PIL.PngImagePlugin] DEBUG: STREAM b'IDAT' 41 8192
2024-11-16 10:38:39,138 [lib.cuckoo.core.guest] WARNING: Task #2: Virtual Machine win10-main-analysis-vm /status failed. This can indicate the guest losing network connectivity
2024-11-16 10:38:40,890 [PIL.PngImagePlugin] DEBUG: STREAM b'IHDR' 16 13
2024-11-16 10:38:40,890 [PIL.PngImagePlugin] DEBUG: STREAM b'IDAT' 41 8192
2024-11-16 10:38:40,929 [lib.cuckoo.core.guest] DEBUG: Task #2: Analysis is still running (id=win10-main-analysis-vm, ip=192.168.200.92)
2024-11-16 10:38:47,276 [PIL.PngImagePlugin] DEBUG: STREAM b'IHDR' 16 13
2024-11-16 10:38:47,277 [PIL.PngImagePlugin] DEBUG: STREAM b'IDAT' 41 8192
2024-11-16 10:38:49,108 [lib.cuckoo.core.resultserver] DEBUG: Task #2: Uploading file aux/DigiSig.json
2024-11-16 10:38:50,808 [PIL.PngImagePlugin] DEBUG: STREAM b'IHDR' 16 13
2024-11-16 10:38:50,808 [PIL.PngImagePlugin] DEBUG: STREAM b'IDAT' 41 8192
2024-11-16 10:38:53,019 [PIL.PngImagePlugin] DEBUG: STREAM b'IHDR' 16 13
2024-11-16 10:38:53,019 [PIL.PngImagePlugin] DEBUG: STREAM b'IDAT' 41 8192
2024-11-16 10:38:56,266 [PIL.PngImagePlugin] DEBUG: STREAM b'IHDR' 16 13
2024-11-16 10:38:56,267 [PIL.PngImagePlugin] DEBUG: STREAM b'IDAT' 41 8192
2024-11-16 10:38:56,930 [lib.cuckoo.core.resultserver] DEBUG: Task #2: discarding screenshot; machinery screenshots enabled
2024-11-16 10:38:58,295 [PIL.PngImagePlugin] DEBUG: STREAM b'IHDR' 16 13
2024-11-16 10:38:58,296 [PIL.PngImagePlugin] DEBUG: STREAM b'IDAT' 41 8192
2024-11-16 10:38:58,353 [lib.cuckoo.core.guest] DEBUG: Task #2: Analysis is still running (id=win10-main-analysis-vm, ip=192.168.200.92)
2024-11-16 10:38:59,670 [lib.cuckoo.core.resultserver] DEBUG: Task #2: Uploading file aux/usage.log
2024-11-16 10:39:00,347 [PIL.PngImagePlugin] DEBUG: STREAM b'IHDR' 16 13
2024-11-16 10:39:00,347 [PIL.PngImagePlugin] DEBUG: STREAM b'IDAT' 41 8192
2024-11-16 10:39:02,117 [PIL.PngImagePlugin] DEBUG: STREAM b'IHDR' 16 13
2024-11-16 10:39:02,118 [PIL.PngImagePlugin] DEBUG: STREAM b'IDAT' 41 8192
2024-11-16 10:39:04,117 [PIL.PngImagePlugin] DEBUG: STREAM b'IHDR' 16 13
2024-11-16 10:39:04,117 [PIL.PngImagePlugin] DEBUG: STREAM b'IDAT' 41 8192
2024-11-16 10:39:06,042 [PIL.PngImagePlugin] DEBUG: STREAM b'IHDR' 16 13
2024-11-16 10:39:06,042 [PIL.PngImagePlugin] DEBUG: STREAM b'IDAT' 41 8192
2024-11-16 10:39:06,573 [lib.cuckoo.core.resultserver] DEBUG: Task #2: discarding screenshot; machinery screenshots enabled
2024-11-16 10:39:08,060 [PIL.PngImagePlugin] DEBUG: STREAM b'IHDR' 16 13
2024-11-16 10:39:08,061 [PIL.PngImagePlugin] DEBUG: STREAM b'IDAT' 41 8192
2024-11-16 10:39:08,118 [lib.cuckoo.core.guest] DEBUG: Task #2: Analysis is still running (id=win10-main-analysis-vm, ip=192.168.200.92)
2024-11-16 10:39:10,278 [PIL.PngImagePlugin] DEBUG: STREAM b'IHDR' 16 13
2024-11-16 10:39:10,278 [PIL.PngImagePlugin] DEBUG: STREAM b'IDAT' 41 8192
2024-11-16 10:39:13,615 [PIL.PngImagePlugin] DEBUG: STREAM b'IHDR' 16 13
2024-11-16 10:39:13,615 [PIL.PngImagePlugin] DEBUG: STREAM b'IDAT' 41 8192
2024-11-16 10:39:14,751 [lib.cuckoo.core.resultserver] DEBUG: Task #2: discarding screenshot; machinery screenshots enabled
2024-11-16 10:39:16,393 [lib.cuckoo.core.resultserver] DEBUG: Task #2: discarding screenshot; machinery screenshots enabled
2024-11-16 10:39:17,568 [PIL.PngImagePlugin] DEBUG: STREAM b'IHDR' 16 13
2024-11-16 10:39:17,568 [PIL.PngImagePlugin] DEBUG: STREAM b'IDAT' 41 8192
2024-11-16 10:39:19,547 [PIL.PngImagePlugin] DEBUG: STREAM b'IHDR' 16 13
2024-11-16 10:39:19,547 [PIL.PngImagePlugin] DEBUG: STREAM b'IDAT' 41 8192
2024-11-16 10:39:21,336 [PIL.PngImagePlugin] DEBUG: STREAM b'IHDR' 16 13
2024-11-16 10:39:21,337 [PIL.PngImagePlugin] DEBUG: STREAM b'IDAT' 41 8192
2024-11-16 10:39:21,368 [lib.cuckoo.core.guest] DEBUG: Task #2: Analysis is still running (id=win10-main-analysis-vm, ip=192.168.200.92)
2024-11-16 10:39:23,497 [PIL.PngImagePlugin] DEBUG: STREAM b'IHDR' 16 13
2024-11-16 10:39:23,498 [PIL.PngImagePlugin] DEBUG: STREAM b'IDAT' 41 8192
2024-11-16 10:39:26,937 [PIL.PngImagePlugin] DEBUG: STREAM b'IHDR' 16 13
2024-11-16 10:39:26,937 [PIL.PngImagePlugin] DEBUG: STREAM b'IDAT' 41 8192
2024-11-16 10:39:27,232 [lib.cuckoo.core.resultserver] DEBUG: Task #2: discarding screenshot; machinery screenshots enabled
2024-11-16 10:39:28,895 [PIL.PngImagePlugin] DEBUG: STREAM b'IHDR' 16 13
2024-11-16 10:39:28,896 [PIL.PngImagePlugin] DEBUG: STREAM b'IDAT' 41 8192
2024-11-16 10:39:30,766 [PIL.PngImagePlugin] DEBUG: STREAM b'IHDR' 16 13
2024-11-16 10:39:30,766 [PIL.PngImagePlugin] DEBUG: STREAM b'IDAT' 41 8192
2024-11-16 10:39:32,693 [PIL.PngImagePlugin] DEBUG: STREAM b'IHDR' 16 13
2024-11-16 10:39:32,693 [PIL.PngImagePlugin] DEBUG: STREAM b'IDAT' 41 8192
2024-11-16 10:39:32,732 [lib.cuckoo.core.guest] DEBUG: Task #2: Analysis is still running (id=win10-main-analysis-vm, ip=192.168.200.92)
2024-11-16 10:39:34,501 [PIL.PngImagePlugin] DEBUG: STREAM b'IHDR' 16 13
2024-11-16 10:39:34,501 [PIL.PngImagePlugin] DEBUG: STREAM b'IDAT' 41 8192
2024-11-16 10:39:34,639 [lib.cuckoo.core.resultserver] DEBUG: Task #2: discarding screenshot; machinery screenshots enabled
2024-11-16 10:39:36,441 [lib.cuckoo.core.resultserver] DEBUG: Task #2: discarding screenshot; machinery screenshots enabled
2024-11-16 10:39:36,603 [PIL.PngImagePlugin] DEBUG: STREAM b'IHDR' 16 13
2024-11-16 10:39:36,603 [PIL.PngImagePlugin] DEBUG: STREAM b'IDAT' 41 8192
2024-11-16 10:39:38,597 [PIL.PngImagePlugin] DEBUG: STREAM b'IHDR' 16 13
2024-11-16 10:39:38,598 [PIL.PngImagePlugin] DEBUG: STREAM b'IDAT' 41 8192
2024-11-16 10:39:40,547 [PIL.PngImagePlugin] DEBUG: STREAM b'IHDR' 16 13
2024-11-16 10:39:40,547 [PIL.PngImagePlugin] DEBUG: STREAM b'IDAT' 41 8192
2024-11-16 10:39:42,334 [PIL.PngImagePlugin] DEBUG: STREAM b'IHDR' 16 13
2024-11-16 10:39:42,335 [PIL.PngImagePlugin] DEBUG: STREAM b'IDAT' 41 8192
2024-11-16 10:39:42,411 [lib.cuckoo.core.guest] DEBUG: Task #2: Analysis is still running (id=win10-main-analysis-vm, ip=192.168.200.92)
2024-11-16 10:39:44,177 [PIL.PngImagePlugin] DEBUG: STREAM b'IHDR' 16 13
2024-11-16 10:39:44,177 [PIL.PngImagePlugin] DEBUG: STREAM b'IDAT' 41 8192
2024-11-16 10:39:46,202 [PIL.PngImagePlugin] DEBUG: STREAM b'IHDR' 16 13
2024-11-16 10:39:46,202 [PIL.PngImagePlugin] DEBUG: STREAM b'IDAT' 41 8192
2024-11-16 10:39:47,147 [lib.cuckoo.core.resultserver] DEBUG: Task #2: Uploading file curtain/1731724761.136101.curtain.log
2024-11-16 10:39:48,106 [PIL.PngImagePlugin] DEBUG: STREAM b'IHDR' 16 13
2024-11-16 10:39:48,106 [PIL.PngImagePlugin] DEBUG: STREAM b'IDAT' 41 8192
2024-11-16 10:39:49,998 [PIL.PngImagePlugin] DEBUG: STREAM b'IHDR' 16 13
2024-11-16 10:39:49,999 [PIL.PngImagePlugin] DEBUG: STREAM b'IDAT' 41 8192
2024-11-16 10:39:50,371 [lib.cuckoo.core.resultserver] DEBUG: Task #2 had connection reset by peer for <Context for None>
2024-11-16 10:39:50,371 [lib.cuckoo.core.resultserver] DEBUG: Task #2 had connection reset by peer for <Context for b'LOG'>
2024-11-16 10:39:50,374 [lib.cuckoo.core.resultserver] DEBUG: Task #2 had connection reset by peer for <Context for None>
2024-11-16 10:39:51,969 [PIL.PngImagePlugin] DEBUG: STREAM b'IHDR' 16 13
2024-11-16 10:39:51,970 [PIL.PngImagePlugin] DEBUG: STREAM b'IDAT' 41 8192
2024-11-16 10:39:52,039 [lib.cuckoo.core.guest] DEBUG: Task #2: Analysis is still running (id=win10-main-analysis-vm, ip=192.168.200.92)
2024-11-16 10:39:52,356 [lib.cuckoo.core.guest] INFO: Task #2: Analysis completed successfully (id=win10-main-analysis-vm, ip=192.168.200.92)
2024-11-16 10:39:52,420 [lib.cuckoo.core.plugins] DEBUG: Stopped auxiliary module: Sniffer
2024-11-16 10:39:52,463 [lib.cuckoo.core.resultserver] DEBUG: Task #2: Stopped tracking machine 192.168.200.92
2024-11-16 10:39:52,464 [lib.cuckoo.common.abstracts] DEBUG: Stopping machine win10-main-analysis-vm
2024-11-16 10:39:52,464 [lib.cuckoo.common.abstracts] DEBUG: Getting status for win10-main-analysis-vm
2024-11-16 10:39:53,097 [lib.cuckoo.common.abstracts] DEBUG: Getting status for win10-main-analysis-vm
2024-11-16 10:39:53,130 [lib.cuckoo.core.analysis_manager] INFO: Task #2: Completed analysis successfully.
2024-11-16 10:39:53,137 [lib.cuckoo.core.analysis_manager] INFO: Task #2: analysis procedure completed
2024-11-16 10:51:03,086 [root] INFO: Received keyboard interrupt, stopping.
2024-11-16 10:51:03,088 [lib.cuckoo.common.abstracts] DEBUG: Getting status for win10-main-analysis-vm
